id,first_name,last_name,email,gender,phone,city
1,Broderic,Heineke,bheineke0@youtube.com,Male,805-358-6630,K’olīto
2,Evanne,Skill,eskill1@irs.gov,Female,719-548-4628,Ilama
3,Lenee,Manjot,lmanjot2@xinhuanet.com,Female,487-177-2640,Nova Venécia
4,Gannie,Treweela,gtreweela3@multiply.com,Male,277-503-8201,Piedade
5,Maryrose,Hallgalley,mhallgalley4@issuu.com,Female,730-976-1060,Baluk
6,Valida,Dubarry,vdubarry5@plala.or.jp,Female,654-814-9930,Wates
7,Luther,Gauthorpp,lgauthorpp6@europa.eu,Male,725-463-1864,Vargas
8,Emilie,Dewdney,edewdney7@ftc.gov,Female,900-230-3675,Sułoszowa
9,Vernice,Calcott,vcalcott8@technorati.com,Female,922-422-9408,Maubin
10,Rabi,Bilney,rbilney9@multiply.com,Male,210-226-3568,Nikol’sk
11,Larina,Scandrick,lscandricka@prnewswire.com,Female,990-749-1193,Linxihe
12,Carling,Alway,calwayb@columbia.edu,Male,438-375-5135,Abricots
13,Alicea,Palethorpe,apalethorpec@microsoft.com,Female,877-532-7581,São Gotardo
14,Nevins,Poytress,npoytressd@walmart.com,Male,788-792-2265,Ribeirão Pires
15,Gerrie,Dellenbrok,gdellenbroke@wunderground.com,Female,277-340-3290,Surubim
16,Lyon,Simmings,lsimmingsf@blogspot.com,Male,641-307-5823,Kuzhu
17,Gaylord,Sturm,gsturmg@tmall.com,Male,952-992-1225,San Rafael Abajo
18,Cristobal,Dring,cdringh@jimdo.com,Male,778-434-0316,Gesing
19,Reuven,Okey,rokeyi@arstechnica.com,Male,155-197-4931,Oksa
20,Marina,Graysmark,mgraysmarkj@fda.gov,Female,889-719-9614,Chaumont
21,Carson,Wasselin,cwasselink@imageshack.us,Male,100-165-1645,Ar Rawḑah
22,Wilona,Wewell,wwewelll@walmart.com,Female,121-712-1056,Wewoloe
23,Ronald,Alejandre,ralejandrem@eepurl.com,Male,880-593-1902,Marco
24,Kayla,Cronkshaw,kcronkshawn@blogs.com,Female,368-505-2420,Lysyanka
25,Reuben,Ismead,rismeado@amazon.co.jp,Male,254-747-4386,Al Qaţīf
26,Chancey,Compton,ccomptonp@mlb.com,Male,518-978-5575,Tianchi
27,Marlo,Hexam,mhexamq@xinhuanet.com,Female,500-864-9900,Yingjiang
28,Natassia,Hukins,nhukinsr@altervista.org,Female,835-847-1748,Novi Beograd
29,Den,Shillitto,dshillittos@nbcnews.com,Male,404-827-4708,Taketoyo
30,Delcina,Georgel,dgeorgelt@marriott.com,Female,734-477-6798,Baojiadian
31,Tybalt,Klawi,tklawiu@ocn.ne.jp,Male,418-677-1914,Chambara
32,Carly,Orrum,corrumv@pcworld.com,Male,204-686-4072,Osório
33,Eleni,Oliver-Paull,eoliverpaullw@yelp.com,Female,312-841-4445,Chicago
34,Moore,Littell,mlittellx@webs.com,Male,237-164-2785,Bāglung
35,Adina,Coppin,acoppiny@imageshack.us,Female,442-241-6406,Roldanillo
36,Aimil,Vescovo,avescovoz@spiegel.de,Female,363-419-3324,Rayong
37,Symon,Slate,sslate10@live.com,Male,893-613-1463,Iganga
38,Beauregard,Leopard,bleopard11@wiley.com,Male,581-989-3299,Valencia
39,Kiersten,Catto,kcatto12@mit.edu,Female,915-220-4345,Bella Vista
40,Brad,McIlwraith,bmcilwraith13@tripadvisor.com,Male,243-529-1309,Dondon
41,Marietta,Mathivat,mmathivat14@amazonaws.com,Female,709-155-3651,Krasnogorsk
42,Kyle,Canland,kcanland15@umich.edu,Female,831-971-7520,Fenglin
43,Chet,Rigeby,crigeby16@accuweather.com,Male,835-239-7204,San Vicente
44,Chicky,Sparway,csparway17@meetup.com,Male,827-934-4249,Bonneuil-sur-Marne
45,Kleon,Boaler,kboaler18@dion.ne.jp,Male,937-757-9399,Saint Andrews
46,Any,Locks,alocks19@mashable.com,Male,708-605-1426,Quán Hành
47,Beatrisa,Queyos,bqueyos1a@csmonitor.com,Female,482-304-8365,Baitao
48,Charil,Edgington,cedgington1b@dropbox.com,Female,832-796-1619,Piraquara
49,Ginny,Daffey,gdaffey1c@csmonitor.com,Female,481-293-9166,Göteborg
50,Teador,Mayler,tmayler1d@accuweather.com,Male,802-405-5433,Banjarejo
51,Chrissy,Ivanonko,civanonko1e@cornell.edu,Male,821-113-1661,Srednebelaya
52,Mareah,Crews,mcrews1f@mediafire.com,Female,215-516-9184,Pétange
53,Mead,Vassay,mvassay1g@123-reg.co.uk,Female,239-271-9590,Várzea da Palma
54,Kenon,Richten,krichten1h@cyberchimps.com,Male,871-730-4848,Xinglong
55,Ilysa,Santo,isanto1i@apple.com,Female,158-968-9365,Uppsala
56,Sibby,Guinan,sguinan1j@drupal.org,Female,790-974-5861,Skien
57,Lockwood,Gauch,lgauch1k@statcounter.com,Male,961-588-2997,Mityana
58,Marilin,Grinyov,mgrinyov1l@sourceforge.net,Female,206-721-7385,Ceadîr-Lunga
59,Alexandre,Bertomieu,abertomieu1m@huffingtonpost.com,Male,966-905-6241,El Porvenir
60,Morry,Aimer,maimer1n@webnode.com,Male,131-816-1047,Bulangan
61,Derwin,O' Dooley,dodooley1o@squidoo.com,Male,923-167-6495,Jiangchi
62,Maritsa,Culvey,mculvey1p@google.com.au,Female,554-882-3980,Coolock
63,Sigfried,Ivanchov,sivanchov1q@rambler.ru,Male,104-435-9934,Sceaux
64,Wyatan,Usher,wusher1r@omniture.com,Male,156-469-6890,Passa Quatro
65,Helaine,Frazer,hfrazer1s@google.es,Female,336-439-4005,Shazhou
66,Noble,Lomath,nlomath1t@icio.us,Male,828-959-7924,Calarcá
67,Jock,Cowwell,jcowwell1u@istockphoto.com,Male,218-507-2488,Stockholm
68,Yorker,Kenaway,ykenaway1v@ibm.com,Male,480-988-0637,Kohila
69,Orin,Monksfield,omonksfield1w@diigo.com,Male,452-111-4225,Liushi
70,Annamarie,Mahedy,amahedy1x@cbc.ca,Female,928-590-3020,Rude
71,Jana,Kohrding,jkohrding1y@ucla.edu,Female,425-641-8442,Pirassununga
72,Arri,Indruch,aindruch1z@cyberchimps.com,Male,242-250-6179,Lukavice
73,Margaretta,Moralee,mmoralee20@blog.com,Female,594-866-0051,Parumasan
74,Dick,Tezure,dtezure21@opera.com,Male,411-480-2806,Bello
75,Candra,Chastang,cchastang22@cnet.com,Female,623-127-9457,Nanyang
76,Marlin,Pelosi,mpelosi23@netvibes.com,Male,123-783-9896,Solor
77,Elinore,Alford,ealford24@ft.com,Female,753-366-5796,Jardim
78,Myron,Garrard,mgarrard25@a8.net,Male,797-859-4233,Changshan
79,Edd,McManus,emcmanus26@samsung.com,Male,611-843-6581,Kunda
80,Ravi,Scanterbury,rscanterbury27@tinypic.com,Male,714-323-6434,Gumdag
81,Gallagher,Posse,gposse28@domainmarket.com,Male,604-754-8837,Luftinjë
82,Dionisio,Evreux,devreux29@boston.com,Male,256-597-3686,Al Fūlah
83,Rodolfo,Cristofolo,rcristofolo2a@blog.com,Male,897-934-1908,Gävle
84,Irv,Sale,isale2b@csmonitor.com,Male,164-266-7200,Pengjia Zhaizi
85,Dana,Kunz,dkunz2c@vinaora.com,Male,900-845-3288,Belogorsk
86,Rosabelle,Ivons,rivons2d@desdev.cn,Female,887-806-3300,Yunlong
87,Federica,Stannas,fstannas2e@google.de,Female,678-961-0462,Maoya
88,Toiboid,Drake,tdrake2f@jalbum.net,Male,196-671-3765,Binangun
89,Wallis,Chalice,wchalice2g@ted.com,Male,299-657-1672,Kemil
90,Christoph,Salazar,csalazar2h@clickbank.net,Male,786-994-8292,Miami
91,Aleta,Skydall,askydall2i@google.es,Female,833-441-8245,Neochórion
92,Myca,Spadollini,mspadollini2j@zdnet.com,Male,124-872-0286,Fenoarivo Atsinanana
93,Welch,Strickler,wstrickler2k@pagesperso-orange.fr,Male,818-983-4925,Dengzishan
94,Frederic,Peaden,fpeaden2l@odnoklassniki.ru,Male,357-575-6337,Huangshi
95,Gunner,Aspin,gaspin2m@usatoday.com,Male,228-807-0231,Czudec
96,Noach,Trace,ntrace2n@harvard.edu,Male,622-151-1172,Gosen
97,Lawry,Dryburgh,ldryburgh2o@people.com.cn,Male,957-506-8942,Crépy-en-Valois
98,Imelda,Fear,ifear2p@ovh.net,Female,927-461-6522,Alah Sāy
99,Des,Trammel,dtrammel2q@examiner.com,Male,114-418-3283,Oke Mesi
100,Patty,Bartrum,pbartrum2r@purevolume.com,Female,726-527-0728,Pasinan Barat
101,Dare,Bearfoot,dbearfoot2s@wired.com,Male,158-777-9479,Gungguh
102,Fairfax,Edinborough,fedinborough2t@ucoz.com,Male,899-960-1803,Jiangbei
103,Ford,Eacle,feacle2u@time.com,Male,390-560-9815,Malasugui
104,Pattie,Martinon,pmartinon2v@naver.com,Male,459-200-4748,城郊
105,Burt,Jurasek,bjurasek2w@parallels.com,Male,942-783-6890,Ho
106,Neel,McNish,nmcnish2x@mapquest.com,Male,762-430-6179,Armenia
107,Robinetta,Muggleston,rmuggleston2y@tuttocitta.it,Female,540-120-0567,Tunja
108,Vanny,Geely,vgeely2z@artisteer.com,Female,582-635-8946,Al Mālikīyah
109,Myrilla,Faulder,mfaulder30@shareasale.com,Female,678-882-7275,Vydreno
110,Georg,Alsop,galsop31@skyrock.com,Male,831-105-7459,Stockholm
111,Leeann,Clyburn,lclyburn32@china.com.cn,Female,448-790-4564,Uarini
112,Sayres,Deek,sdeek33@freewebs.com,Male,215-489-3974,Tuchów
113,Ara,Torrijos,atorrijos34@springer.com,Male,884-587-4893,Svetlogorsk
114,Antonie,Cullingworth,acullingworth35@sun.com,Female,818-374-7239,Obock
115,Dedra,Randal,drandal36@dagondesign.com,Female,261-557-3176,Boneng
116,Cob,Tordoff,ctordoff37@linkedin.com,Male,330-501-3912,Ţammūn
117,Dolly,Hartegan,dhartegan38@skype.com,Female,112-373-9294,Dacheng
118,Brander,Byron,bbyron39@zdnet.com,Male,346-427-6602,Lipno
119,Antonia,Dadge,adadge3a@prweb.com,Female,819-870-0611,Rantepang
120,Kristi,Menis,kmenis3b@forbes.com,Female,704-142-5038,Chanthaburi
121,Avigdor,Pinel,apinel3c@foxnews.com,Male,533-173-6353,Sotteville-lès-Rouen
122,Kary,McTear,kmctear3d@pbs.org,Female,802-724-2493,Tuanai
123,Hale,Derington,hderington3e@yellowpages.com,Male,353-986-8490,Saaban
124,Anissa,Genn,agenn3f@java.com,Female,857-127-4346,Cabanas
125,Roxana,Harewood,rharewood3g@kickstarter.com,Female,511-395-2237,Wenwusha
126,Luis,Winspar,lwinspar3h@reverbnation.com,Male,940-547-6911,Saint-Julien-en-Genevois
127,Marge,Burfoot,mburfoot3i@ox.ac.uk,Female,529-749-8952,Pak Phli
128,Lucas,Spur,lspur3j@etsy.com,Male,568-185-5986,Berat
129,Danie,Willatt,dwillatt3k@hud.gov,Male,467-460-8796,Dërmënas
130,Mordecai,Gavigan,mgavigan3l@ning.com,Male,544-581-2572,Bishan
131,Arlette,Randals,arandals3m@goo.gl,Female,454-814-0200,Soreang
132,Dyanne,MacFayden,dmacfayden3n@wisc.edu,Female,262-812-4320,Warungtanjung
133,Dani,Boxhill,dboxhill3o@sfgate.com,Male,246-403-9153,Hoorn
134,Kennith,Arrow,karrow3p@cnbc.com,Male,757-105-6286,Newport News
135,Norby,O'Mannion,nomannion3q@businesswire.com,Male,646-526-8838,Stoney Ground
136,Ianthe,Davidai,idavidai3r@moonfruit.com,Female,933-820-7837,Fuhe
137,Hortensia,Zucker,hzucker3s@reddit.com,Female,698-540-2912,Carnaxide
138,Barclay,Urry,burry3t@twitpic.com,Male,561-942-5668,Pag
139,Jamima,Matthewson,jmatthewson3u@unc.edu,Female,242-379-3425,Onoda
140,Enrique,Lambswood,elambswood3v@deviantart.com,Male,805-590-7160,Bordeaux
141,Rowena,Sattin,rsattin3w@google.com.hk,Female,213-440-0909,Takarazuka
142,Elizabet,Casaccia,ecasaccia3x@purevolume.com,Female,451-981-4711,Vyazniki
143,Patti,Davidavidovics,pdavidavidovics3y@qq.com,Female,899-706-4868,Xinkai
144,Cleon,Donegan,cdonegan3z@dyndns.org,Male,272-928-1876,Błędów
145,Catie,Lamberti,clamberti40@indiegogo.com,Female,177-830-1551,Dacun
146,Janel,Clilverd,jclilverd41@netscape.com,Female,112-156-2958,Semampir
147,Burke,Bayley,bbayley42@usda.gov,Male,712-785-5869,Kure
148,Herculie,Charlewood,hcharlewood43@nifty.com,Male,249-363-6679,Ćuprija
149,Lilllie,Hunn,lhunn44@ifeng.com,Female,696-109-4784,Xincheng
150,Terrance,Kiddey,tkiddey45@gnu.org,Male,529-394-6285,Ngora
151,Pierre,Buckmaster,pbuckmaster46@intel.com,Male,357-737-4479,Lubichowo
152,Clifford,Dallan,cdallan47@chronoengine.com,Male,764-268-1757,Chavusy
153,Noreen,Jirousek,njirousek48@issuu.com,Female,184-765-2488,Cuauhtemoc
154,Xenos,Beckham,xbeckham49@list-manage.com,Male,250-806-5063,Mafraq
155,Dallas,Farnaby,dfarnaby4a@themeforest.net,Female,857-551-5907,Podgornoye
156,Baxter,Feighney,bfeighney4b@amazon.co.uk,Male,918-679-3503,Keli
157,Isabel,Reardon,ireardon4c@ehow.com,Female,179-456-2254,Åkersberga
158,Maurizia,Rimour,mrimour4d@cam.ac.uk,Female,545-239-5907,Saint John
159,Gianni,MacTeggart,gmacteggart4e@mail.ru,Male,560-777-7489,Všestary
160,Thibaud,Frosdick,tfrosdick4f@xrea.com,Male,143-905-6818,Yunxi
161,Briano,Broggio,bbroggio4g@bbb.org,Male,825-428-1464,Meizhuang
162,Joletta,Oswald,joswald4h@posterous.com,Female,709-414-7582,Mazańcowice
163,Hanan,Valente,hvalente4i@wired.com,Male,743-400-9827,Stari Grad
164,Carie,Szymonowicz,cszymonowicz4j@godaddy.com,Female,921-234-6908,Arcena
165,Marve,Lundy,mlundy4k@eepurl.com,Male,261-168-3397,Amiens
166,Eimile,Morcombe,emorcombe4l@answers.com,Female,647-579-3254,Nanaimo
167,Margery,Altham,maltham4m@bandcamp.com,Female,114-663-0939,Pomahuaca
168,Darlene,Skillitt,dskillitt4n@answers.com,Female,660-461-4105,Aberdeen
169,Heda,Serotsky,hserotsky4o@biglobe.ne.jp,Female,937-476-9040,Radnice
170,Ann,Scarlin,ascarlin4p@netvibes.com,Female,674-463-2666,Estarreja
171,Marguerite,Meni,mmeni4q@imdb.com,Female,882-438-8521,Camp Diable
172,Pansie,Batting,pbatting4r@opera.com,Female,893-558-5107,La Coipa
173,Frederic,Laycock,flaycock4s@t-online.de,Male,461-562-6797,Fotolívos
174,Elston,De Lascy,edelascy4t@1688.com,Male,316-839-8229,Xinjie
175,Diahann,Pearne,dpearne4u@howstuffworks.com,Female,334-820-4560,Oslo
176,Helga,Radish,hradish4v@aol.com,Female,789-454-0425,Bela Vista
177,Bud,Salerno,bsalerno4w@npr.org,Male,993-729-5809,Xingdian
178,Olga,Wallett,owallett4x@deviantart.com,Female,826-131-1975,Néa Éfesos
179,Barty,MacCallester,bmaccallester4y@sun.com,Male,951-584-8117,Leuweheq
180,Christine,Hallums,challums4z@mediafire.com,Female,259-607-9708,Yingpu
181,Burtie,Goley,bgoley50@github.io,Male,645-855-1287,Okhansk
182,Saree,Maddison,smaddison51@t-online.de,Female,633-569-0090,Qingfeng
183,Freedman,Cleever,fcleever52@fotki.com,Male,982-634-0762,Donggaohuang
184,Wade,Crane,wcrane53@jalbum.net,Male,700-201-1765,Taikang
185,Alexis,Tomlin,atomlin54@gov.uk,Female,352-840-3933,Mytishchi
186,Bryana,Jodrellec,bjodrellec55@dmoz.org,Female,692-826-8993,Szydłowo
187,Giff,O'Hannigan,gohannigan56@squidoo.com,Male,991-280-7479,Aketi
188,Nerte,Deas,ndeas57@wix.com,Female,831-205-7571,Takahama
189,Jordon,Fears,jfears58@rediff.com,Male,485-143-4738,Vila Franca do Campo
190,Marabel,Anfonsi,manfonsi59@vkontakte.ru,Female,772-107-9396,Siwalan
191,Quincey,Francescuccio,qfrancescuccio5a@slideshare.net,Male,211-415-8643,Bilajari
192,Laura,Andrioletti,landrioletti5b@state.gov,Female,600-594-1403,Janiuay
193,Bev,Fratczak,bfratczak5c@prlog.org,Male,485-256-9150,Badu
194,Man,Bourthoumieux,mbourthoumieux5d@amazon.de,Male,673-544-4852,Bintang
195,Grange,Massinger,gmassinger5e@arstechnica.com,Male,326-436-7071,Sumberbaru
196,Celestina,Lorden,clorden5f@washington.edu,Female,740-995-6700,Labrang
197,Galina,Rubinsaft,grubinsaft5g@disqus.com,Female,463-613-2804,Milówka
198,Forrester,Skillen,fskillen5h@psu.edu,Male,297-316-1737,Sanligang
199,Sax,Ropars,sropars5i@berkeley.edu,Male,840-396-4071,Povedniki
200,Kinny,Langmaid,klangmaid5j@drupal.org,Male,481-372-6039,Bifeng
201,Amalee,Durrand,adurrand5k@instagram.com,Female,302-564-5930,Dongjiahe
202,Marten,Ceely,mceely5l@msu.edu,Male,700-829-7891,Huayacundo Arma
203,Hendrick,Haydock,hhaydock5m@squidoo.com,Male,555-683-4885,San Francisco
204,Kaycee,Gabitis,kgabitis5n@comcast.net,Female,339-178-6690,Manas
205,Stewart,Balharry,sbalharry5o@csmonitor.com,Male,401-248-0796,Ras al-Khaimah
206,Augustina,Amiss,aamiss5p@sun.com,Female,710-397-1839,Neni
207,Ulrick,Hateley,uhateley5q@google.com,Male,898-651-5543,Lapai
208,Rhoda,Dransfield,rdransfield5r@skyrock.com,Female,456-876-8959,Payapa
209,Averyl,Liptrod,aliptrod5s@t-online.de,Female,621-796-8002,Huangmei
210,Renaldo,Lesper,rlesper5t@cnn.com,Male,522-345-2230,Gande
211,Ricca,Hastler,rhastler5u@prweb.com,Female,935-665-7242,Changle
212,Yoko,Attwill,yattwill5v@drupal.org,Female,450-990-2320,Bayt Maqdūm
213,Rollie,MacTeggart,rmacteggart5w@samsung.com,Male,682-942-0672,Kudymkar
214,Saxon,Klaes,sklaes5x@samsung.com,Male,207-105-5733,Meixi
215,Barnett,Physick,bphysick5y@scribd.com,Male,577-980-5539,Mount Pearl
216,Edgar,Fitzroy,efitzroy5z@vistaprint.com,Male,814-779-4682,Erie
217,Paddie,Danielut,pdanielut60@google.es,Male,837-929-6925,Palalang
218,Shoshanna,McGillacoell,smcgillacoell61@businessinsider.com,Female,663-743-9976,Hroznětín
219,Randie,Jowers,rjowers62@cyberchimps.com,Male,959-248-6780,Terjan
220,Brucie,Kalinke,bkalinke63@bloglines.com,Male,626-723-7311,Macau
221,Lindsay,Rouff,lrouff64@gizmodo.com,Female,341-524-3913,Giồng Trôm
222,Ashley,Feldheim,afeldheim65@hp.com,Male,368-946-7337,Kaliuling
223,Mathe,Randlesome,mrandlesome66@unicef.org,Male,824-580-6047,Caazapá
224,Lori,Rawsen,lrawsen67@github.io,Female,919-316-2691,Pryluky
225,Cindra,Roche,croche68@accuweather.com,Female,584-936-9550,Qorashina
226,Celinka,Chopy,cchopy69@nbcnews.com,Female,429-799-9077,Stare Pole
227,Rene,Cheatle,rcheatle6a@ebay.co.uk,Male,739-321-7404,Turka
228,Papageno,Carlon,pcarlon6b@yandex.ru,Male,568-214-2000,Kuala Lumpur
229,Kahlil,Farrance,kfarrance6c@tripadvisor.com,Male,380-974-5716,Jingxi
230,Pearle,Gunthorpe,pgunthorpe6d@google.cn,Female,320-868-1996,Novomoskovsk
231,Christoper,Wile,cwile6e@ning.com,Male,859-814-8093,Kegeyli Shahar
232,Hewett,Buxam,hbuxam6f@nifty.com,Male,975-618-1869,Xinchong
233,Gilda,Liddon,gliddon6g@yandex.ru,Female,601-533-0150,Taizi
234,Marji,Cadle,mcadle6h@themeforest.net,Female,823-116-8753,Hořice
235,Rowland,Pevsner,rpevsner6i@senate.gov,Male,253-271-4832,Mpanda
236,Haslett,Henaughan,hhenaughan6j@ox.ac.uk,Male,943-783-1132,Huichang
237,Broddie,Djurkovic,bdjurkovic6k@state.tx.us,Male,292-113-0617,Tianxingchang
238,Morton,Page,mpage6l@edublogs.org,Male,661-102-1929,Nanqiao
239,Maynord,Skocroft,mskocroft6m@posterous.com,Male,343-931-7146,Pravda
240,Augy,Alwen,aalwen6n@parallels.com,Male,770-996-3907,Xipu
241,Pepillo,Kierans,pkierans6o@webnode.com,Male,245-808-5081,San Vicente
242,Ali,Venning,avenning6p@sohu.com,Female,582-773-4127,San Isidro
243,Paule,Tidy,ptidy6q@adobe.com,Female,455-722-2828,Denov
244,Marylinda,Lillgard,mlillgard6r@amazon.com,Female,904-611-5363,Youwarou
245,Alyce,O'Murtagh,aomurtagh6s@si.edu,Female,660-602-2008,Moulay Yacoub
246,Kare,Tregiddo,ktregiddo6t@biglobe.ne.jp,Female,298-863-8038,Albrechtice
247,Monique,Pittway,mpittway6u@mtv.com,Female,739-769-9479,Wŏnju
248,Heriberto,La Grange,hlagrange6v@booking.com,Male,349-503-8256,Pilluana
249,Orly,Costar,ocostar6w@shop-pro.jp,Female,136-697-4882,Tubel
250,Sean,Booty,sbooty6x@eventbrite.com,Female,255-147-1563,Hushan
251,Robbyn,Burtonshaw,rburtonshaw6y@jigsy.com,Female,117-424-6164,Weepanapi
252,Eileen,Pumphreys,epumphreys6z@mashable.com,Female,499-309-4775,Bhola
253,Yolanda,Hannah,yhannah70@aboutads.info,Female,282-961-2092,Sanming
254,Fayette,Wastling,fwastling71@yahoo.co.jp,Female,243-456-7879,Périgny
255,Rosalia,Gergus,rgergus72@hexun.com,Female,721-393-0602,Linda Vista
256,Florella,Ferrotti,fferrotti73@constantcontact.com,Female,163-806-8953,Vishnyeva
257,Courtnay,Davidge,cdavidge74@loc.gov,Female,353-661-9206,Côte-Saint-Luc
258,Barnabas,Kinchley,bkinchley75@constantcontact.com,Male,897-198-9922,Tiaong
259,Germain,Lemon,glemon76@creativecommons.org,Female,859-111-6719,Nakhon Si Thammarat
260,Ardelis,Matveiko,amatveiko77@sitemeter.com,Female,582-643-7173,Botigues
261,Maire,Van Geffen,mvangeffen78@webs.com,Female,305-306-6332,Tucumã
262,Blinnie,Burnet,bburnet79@nyu.edu,Female,404-660-0098,Melville
263,Burlie,Simper,bsimper7a@mapquest.com,Male,652-409-9564,Guacarí
264,Hollis,Forlonge,hforlonge7b@ebay.com,Male,513-549-2137,Sumberkrajan
265,Melitta,Lawranson,mlawranson7c@apple.com,Female,328-430-0709,Hässleholm
266,Mollie,Ferens,mferens7d@cdbaby.com,Female,212-571-4286,Brooklyn
267,Olly,Goodley,ogoodley7e@joomla.org,Male,934-378-3300,Yonggu
268,Byron,Parke,bparke7f@google.it,Male,631-685-3031,Mayo
269,Gardner,Covotti,gcovotti7g@cbc.ca,Male,492-151-3041,Sulbiny Górne
270,Donetta,Carmo,dcarmo7h@google.nl,Female,203-314-6350,Krasnaye
271,Dewie,Hails,dhails7i@netvibes.com,Male,465-662-5737,Nyköping
272,Kerrie,Peppett,kpeppett7j@smugmug.com,Female,880-394-2026,Leping
273,Reagan,Shurmore,rshurmore7k@eventbrite.com,Male,755-942-4290,Gondang
274,Christoffer,Shannahan,cshannahan7l@cloudflare.com,Male,791-769-4338,Atafu Village
275,Flory,Siely,fsiely7m@yellowbook.com,Female,788-200-5028,Banjar Wates Tengah
276,Frazer,Scholtz,fscholtz7n@booking.com,Male,164-369-2787,Cork
277,Harry,Millett,hmillett7o@opera.com,Male,378-618-1216,Itéa
278,Lucine,Wheldon,lwheldon7p@wp.com,Female,354-260-3983,Orvault
279,Modesty,Hardey,mhardey7q@google.com.au,Female,863-350-1340,Xin’an
280,Gerry,Giovanni,ggiovanni7r@nytimes.com,Male,949-248-6162,Ciudad Ojeda
281,Gill,O' Mahony,gomahony7s@fotki.com,Female,593-888-1119,Gongjiang
282,Westbrooke,Baglan,wbaglan7t@hatena.ne.jp,Male,358-928-5186,Al Judayrah
283,Alvie,Bedberry,abedberry7u@google.fr,Male,185-325-6124,Antsohihy
284,Addie,Keig,akeig7v@histats.com,Male,896-345-9938,Soroti
285,Isak,Starie,istarie7w@edublogs.org,Male,611-151-9580,Marāveh Tappeh
286,Justinn,Matthius,jmatthius7x@weather.com,Female,307-565-8098,Františkovy Lázně
287,Phil,Millar,pmillar7y@quantcast.com,Male,352-357-1982,Umeå
288,Barbabas,Parrott,bparrott7z@wikia.com,Male,473-913-9561,Xiaojing
289,Norry,Bryant,nbryant80@sun.com,Female,910-601-1099,Lubao
290,Leupold,Mattersey,lmattersey81@latimes.com,Male,757-365-2432,Dřevohostice
291,Hedvige,Coole,hcoole82@deviantart.com,Female,366-547-1099,Virje
292,Leelah,Nann,lnann83@zimbio.com,Female,424-440-4584,Tsaghveri
293,Jessie,Blackah,jblackah84@squidoo.com,Male,350-224-8308,San Martín de los Andes
294,Nate,Bromehed,nbromehed85@booking.com,Male,200-943-2897,Penalva de Alva
295,Carmita,Mabbott,cmabbott86@desdev.cn,Female,876-982-1574,Lewolere
296,Maiga,Ticic,mticic87@discuz.net,Female,301-488-3144,Fteliá
297,Payton,Coulston,pcoulston88@dmoz.org,Male,402-635-3523,Isawa
298,Grange,Cleghorn,gcleghorn89@dailymotion.com,Male,428-274-1675,Ribeirão Pires
299,Griffie,Jeske,gjeske8a@is.gd,Male,407-983-7286,Cernay
300,Gwendolin,Verbruggen,gverbruggen8b@bloglines.com,Female,470-154-2639,Beixiaoying
301,Luigi,Jewes,ljewes8c@qq.com,Male,164-720-7286,Dresi Wetan
302,Jamil,Matten,jmatten8d@cpanel.net,Male,816-366-0851,Kansas City
303,Radcliffe,Aberchirder,raberchirder8e@ed.gov,Male,468-722-0583,Bergen op Zoom
304,Agneta,Jacqueminet,ajacqueminet8f@sciencedirect.com,Female,626-562-3481,Sīnah
305,Karlee,Mewburn,kmewburn8g@wisc.edu,Female,883-264-1621,Palcza
306,Ab,Cullagh,acullagh8h@xrea.com,Male,791-648-0259,Panjiang
307,Elenore,Milmith,emilmith8i@google.es,Female,963-397-6684,Azul
308,Rosamund,Snasdell,rsnasdell8j@scientificamerican.com,Female,660-115-2801,Gorbatovka
309,Gertrude,Kornilov,gkornilov8k@nasa.gov,Female,372-379-1406,Weibin
310,Gauthier,Allsobrook,gallsobrook8l@ezinearticles.com,Male,100-783-1481,Miaoya
311,Dag,Jacklings,djacklings8m@printfriendly.com,Male,602-735-8405,Zhouling
312,Sholom,Grievson,sgrievson8n@google.com.hk,Male,648-314-9725,Cinyawar
313,Cull,Tregenza,ctregenza8o@google.nl,Male,469-837-0514,Dallas
314,Leisha,Vasquez,lvasquez8p@vkontakte.ru,Female,973-429-2996,Niort
315,Doralin,Doddemeade,ddoddemeade8q@walmart.com,Female,591-135-2463,Créteil
316,Melisent,Calcott,mcalcott8r@howstuffworks.com,Female,755-180-9751,Buluh Kasap
317,Hoebart,McGahey,hmcgahey8s@ask.com,Male,861-629-3624,Hacı Zeynalabdin
318,Karon,Siman,ksiman8t@zdnet.com,Female,472-808-1505,Huaqiao
319,Mitchell,Antonoczyk,mantonoczyk8u@miitbeian.gov.cn,Male,770-503-5467,Abomsa
320,Reena,Mair,rmair8v@cam.ac.uk,Female,742-406-9409,Tayturka
321,Rochell,Sturm,rsturm8w@t.co,Female,425-762-2970,Mompós
322,Rodrique,Tregenza,rtregenza8x@google.co.uk,Male,372-719-1496,Cabo de Vila
323,Jard,Probetts,jprobetts8y@sbwire.com,Male,597-754-0060,Velestíno
324,Kory,Busher,kbusher8z@ustream.tv,Male,110-903-3160,Otoka
325,Lynne,Menichi,lmenichi90@bloglines.com,Female,367-660-6012,Kitakyūshū
326,Carmina,Grannell,cgrannell91@bloglines.com,Female,634-466-4581,Gaotian
327,Jade,McCaughey,jmccaughey92@stanford.edu,Female,636-626-1123,Balungkopi
328,Frants,Wolsey,fwolsey93@wisc.edu,Male,102-283-1464,Eauripik
329,Nikolaos,Fretter,nfretter94@mac.com,Male,883-740-8853,Markópoulo
330,Daryl,Muckley,dmuckley95@arizona.edu,Female,296-339-5607,Petrich
331,Phil,Dowrey,pdowrey96@desdev.cn,Male,302-504-7254,Kharp
332,Virgie,Laba,vlaba97@miibeian.gov.cn,Male,781-848-3581,Dinājpur
333,Constance,Dundin,cdundin98@fema.gov,Female,270-455-7992,Pukou
334,Eldin,Buckenhill,ebuckenhill99@themeforest.net,Male,646-504-6718,Pyin Oo Lwin
335,Kaine,Whitcher,kwhitcher9a@sina.com.cn,Male,431-109-7706,Xinjie
336,Welch,Everist,weverist9b@imdb.com,Male,407-478-4683,Nonsan
337,Sheff,Varian,svarian9c@jimdo.com,Male,901-611-5500,Taiyigong
338,Felicle,Chazelle,fchazelle9d@slate.com,Female,275-877-8605,San Bernardo
339,Banky,Stonary,bstonary9e@yahoo.co.jp,Male,718-382-3930,São Pedro Gafanhoeira
340,Nelson,Huson,nhuson9f@fda.gov,Male,381-142-9488,Carriedo
341,Renata,Playdon,rplaydon9g@nih.gov,Female,240-436-9269,Olupona
342,Carroll,Sussex,csussex9h@wisc.edu,Male,452-920-0651,Pawa
343,Emili,Scrange,escrange9i@spiegel.de,Female,944-604-5843,Javānrūd
344,Turner,Lintot,tlintot9j@ameblo.jp,Male,236-754-8334,Ponte
345,Abdel,Shorte,ashorte9k@soundcloud.com,Male,264-762-9870,Cacocum
346,Arleta,Nettleship,anettleship9l@nationalgeographic.com,Female,521-902-1325,Apitong
347,Fredric,Busfield,fbusfield9m@youtube.com,Male,494-463-3059,Heshang
348,Woodie,Mulqueeny,wmulqueeny9n@wunderground.com,Male,591-453-8110,Melíti
349,Raffarty,Conochie,rconochie9o@google.com,Male,739-750-2880,Kende
350,Marjie,Woolacott,mwoolacott9p@gmpg.org,Female,847-181-6893,Dushk
351,Doroteya,Dripp,ddripp9q@phpbb.com,Female,540-269-2003,Lukavec
352,Cornall,Zmitruk,czmitruk9r@vinaora.com,Male,843-231-0851,Trondheim
353,Rogerio,Stubbings,rstubbings9s@gnu.org,Male,407-203-4617,San Francisco
354,Morry,Dyer,mdyer9t@csmonitor.com,Male,776-737-1588,Taozhuang
355,Harrie,Lorkins,hlorkins9u@biblegateway.com,Female,243-191-3483,Teroual
356,Loy,Barneveld,lbarneveld9v@businesswire.com,Male,685-567-0236,Tubo
357,Cole,Bygreaves,cbygreaves9w@nsw.gov.au,Male,961-928-5517,Tanahbeureum
358,Mathilde,Vernham,mvernham9x@illinois.edu,Female,694-338-4158,Valday
359,Melitta,Burnett,mburnett9y@histats.com,Female,711-631-1729,Firenze
360,Fanchette,Bramelt,fbramelt9z@biblegateway.com,Female,563-427-9543,Banjar Sebual
361,Alexandro,Steed,asteeda0@columbia.edu,Male,853-316-6988,Liuzhi
362,Carley,Rigby,crigbya1@yellowpages.com,Female,317-863-2570,Sv. Ana v Slov. Goricah
363,Melisent,Timperley,mtimperleya2@usda.gov,Female,351-752-2488,Tolkmicko
364,Dagmar,Obern,doberna3@last.fm,Female,541-198-5575,Nizui
365,Corty,Berrey,cberreya4@addtoany.com,Male,487-779-5401,Zwolle
366,Gisela,Birdsall,gbirdsalla5@stumbleupon.com,Female,615-315-9666,Watoona
367,Lynette,Pridie,lpridiea6@wix.com,Female,407-554-9067,Sam Phran
368,Shurwood,Hannah,shannaha7@google.ru,Male,151-768-8863,Mayingzhuang
369,Editha,Brodhead,ebrodheada8@cdbaby.com,Female,705-207-4805,Hoeryŏng
370,Krispin,Fallowes,kfallowesa9@bbb.org,Male,233-852-2254,Labuhansumbawa
371,Hewitt,Labbett,hlabbettaa@cisco.com,Male,315-886-7600,Horana South
372,Avril,Jancey,ajanceyab@huffingtonpost.com,Female,809-213-9111,Picoto
373,Sacha,Dare,sdareac@samsung.com,Female,529-224-7232,Takatsuki
374,Etan,Heenan,eheenanad@usa.gov,Male,112-260-7962,Seixezelo
375,Mitchael,Hurley,mhurleyae@cdbaby.com,Male,572-817-1636,Khelyulya
376,Fredrika,Nelsen,fnelsenaf@adobe.com,Female,565-757-8735,Helsingborg
377,Rowan,Glavias,rglaviasag@dailymotion.com,Male,364-936-5078,Fosca
378,Brandyn,Idwal Evans,bidwalevansah@artisteer.com,Male,434-384-5329,Gongnong
379,Barrie,Klaesson,bklaessonai@canalblog.com,Female,322-687-3720,Kumla
380,Bella,Wabe,bwabeaj@devhub.com,Female,365-925-6197,Jindong
381,Glennie,Saur,gsaurak@cargocollective.com,Female,613-550-7432,Dibba Al-Fujairah
382,Reube,Barwise,rbarwiseal@imageshack.us,Male,551-182-6861,Concordia
383,Karolina,Losel,kloselam@elpais.com,Female,490-852-3710,São Paio de Seide
384,Guss,Izakov,gizakovan@imgur.com,Male,784-264-0257,Yayao
385,Sebastian,Lauthian,slauthianao@indiatimes.com,Male,281-648-3044,Siay
386,Stanford,Hun,shunap@yale.edu,Male,746-819-7413,Wakefield
387,Inge,Reece,ireeceaq@cnet.com,Female,538-824-6884,Lapid
388,Klarrisa,Risbridger,krisbridgerar@nasa.gov,Female,719-275-8682,Postupice
389,Elliott,Schwandermann,eschwandermannas@gravatar.com,Male,347-159-0294,Cilegi
390,Leonore,Whitfield,lwhitfieldat@alibaba.com,Female,387-923-7197,Noeltoko
391,Jourdain,Ebdon,jebdonau@photobucket.com,Male,788-270-8874,Lusk
392,Rolfe,Wagen,rwagenav@netlog.com,Male,136-439-0870,Trollhättan
393,Fair,Shalloo,fshallooaw@paypal.com,Male,871-261-5632,Sekararum
394,Annmarie,Dunphie,adunphieax@digg.com,Female,876-321-7183,Mem Martins
395,Wilmer,Barczewski,wbarczewskiay@yahoo.com,Male,892-793-1193,Tangxi
396,Sadella,Code,scodeaz@admin.ch,Female,635-968-2301,Guihuaquan
397,Auberta,Burtenshaw,aburtenshawb0@npr.org,Female,500-285-5587,Nkongsamba
398,Emlyn,Jakubowicz,ejakubowiczb1@weather.com,Male,984-885-0786,Ubud
399,Kimmy,Willeson,kwillesonb2@usgs.gov,Female,748-944-9638,Battambang
400,Beverlee,McGriffin,bmcgriffinb3@noaa.gov,Female,709-197-7067,Karanglincak
401,Lanny,Benner,lbennerb4@bloomberg.com,Female,813-539-7896,Gaoqiaolou
402,Tracy,Pasticznyk,tpasticznykb5@adobe.com,Male,927-716-8092,Jajaway
403,Sarene,Hughland,shughlandb6@gravatar.com,Female,988-128-6523,Roxas
404,Diann,Gillie,dgillieb7@vkontakte.ru,Female,661-988-1722,Zhendong
405,Devland,Heball,dheballb8@pen.io,Male,685-588-8609,Dongjin
406,Rozele,Binford,rbinfordb9@shinystat.com,Female,625-231-0444,Chrást
407,Leanna,Pleager,lpleagerba@symantec.com,Female,189-190-9976,Vurğun
408,Turner,MacWhan,tmacwhanbb@google.cn,Male,940-163-1136,Neuss
409,Vinita,Turrill,vturrillbc@va.gov,Female,552-651-2950,Hodkovičky
410,Rozamond,Studeart,rstudeartbd@ow.ly,Female,999-734-7425,Loanda
411,Gaelan,Kunrad,gkunradbe@buzzfeed.com,Male,704-755-7295,Palamadu
412,Clerkclaude,Silly,csillybf@flickr.com,Male,754-302-4970,Fort Lauderdale
413,Aron,Cottrill,acottrillbg@google.ca,Male,562-189-0820,Takaoka
414,Cord,Christiensen,cchristiensenbh@uol.com.br,Male,958-614-4658,Wyszki
415,Everard,Rumin,eruminbi@nba.com,Male,633-343-3418,Karakulino
416,Clara,Vickors,cvickorsbj@addthis.com,Female,928-534-8299,Lautaro
417,Wit,Manners,wmannersbk@themeforest.net,Male,223-718-4004,Baratã
418,Rutter,Gheorghe,rgheorghebl@behance.net,Male,326-119-4733,Bang Mun Nak
419,Jaymee,Wincom,jwincombm@wsj.com,Female,521-454-2262,Vysokogornyy
420,Cordie,Kearns,ckearnsbn@geocities.jp,Male,751-432-2208,Toufang
421,Cristie,Capenor,ccapenorbo@opensource.org,Female,649-792-9519,Drochia
422,Di,Gianullo,dgianullobp@sakura.ne.jp,Female,119-132-8749,Strängnäs
423,Roslyn,McIlory,rmcilorybq@miibeian.gov.cn,Female,962-671-5209,Apeldoorn
424,Valerye,Mithon,vmithonbr@typepad.com,Female,196-852-8738,Santa Cruz de Yojoa
425,Park,Bevens,pbevensbs@xing.com,Male,865-648-1938,Knoxville
426,Cassie,Dimbleby,cdimblebybt@myspace.com,Female,130-132-8798,Lokuuy
427,Benn,Statter,bstatterbu@va.gov,Male,145-602-0749,Ash Shaddādah
428,Deni,Liddard,dliddardbv@wikia.com,Female,557-593-2335,Huashan
429,Joycelin,Bahike,jbahikebw@instagram.com,Female,361-450-6841,Nong Yasai
430,Noam,Dives,ndivesbx@sourceforge.net,Male,515-346-9513,Ādam
431,Antonetta,Wones,awonesby@chronoengine.com,Female,422-231-7834,Jiuzhou
432,Renault,Breukelman,rbreukelmanbz@cbc.ca,Male,276-687-4515,Žďár nad Sázavou Druhy
433,Asia,Robet,arobetc0@guardian.co.uk,Female,718-327-2934,Proletar
434,Aloise,Escritt,aescrittc1@unicef.org,Female,865-365-1175,Yinjiang
435,Grata,Daubeny,gdaubenyc2@lulu.com,Female,342-207-2931,Celorico de Basto
436,Levi,Jerson,ljersonc3@amazon.co.jp,Male,484-453-3111,Moroni
437,Riley,Domelow,rdomelowc4@sourceforge.net,Male,747-497-9908,Västerås
438,Wilburt,Millar,wmillarc5@kickstarter.com,Male,201-828-1232,Povenets
439,Vassily,Saffle,vsafflec6@nyu.edu,Male,484-512-1719,Banjar Mambalkajanan
440,Novelia,Sellen,nsellenc7@pbs.org,Female,196-174-4548,Momanalu
441,Kirbee,Guppey,kguppeyc8@nymag.com,Female,608-149-3557,Lezhë
442,Morlee,Zorzini,mzorzinic9@indiatimes.com,Male,705-265-8403,Shani
443,Herrick,Trevethan,htrevethanca@vinaora.com,Male,991-174-5144,Carvalhal da Aroeira
444,Jenine,Caccavari,jcaccavaricb@mlb.com,Female,276-243-5461,Paty do Alferes
445,Hermione,Sopper,hsoppercc@hhs.gov,Female,823-601-4360,Concepcion
446,Angie,Hedman,ahedmancd@fastcompany.com,Female,344-824-9887,Buenos Aires
447,Michele,Mochar,mmocharce@rakuten.co.jp,Female,328-279-0304,Pilar
448,Fabiano,Danihelka,fdanihelkacf@hp.com,Male,782-456-9304,Guifões
449,Ryon,Sicely,rsicelycg@auda.org.au,Male,169-542-6275,Razumnoye
450,Yuri,Satterfitt,ysatterfittch@sbwire.com,Male,832-135-3473,Gondomar
451,Cosette,Leete,cleeteci@nyu.edu,Female,212-848-3679,Grimshaw
452,Shaun,Sturgess,ssturgesscj@phoca.cz,Female,429-823-7691,Tangxi
453,Calypso,Doctor,cdoctorck@google.co.jp,Female,369-929-9880,Terra Chã
454,Arte,Pedgrift,apedgriftcl@independent.co.uk,Male,872-539-4802,Vila Nova
455,Hunt,Northwood,hnorthwoodcm@naver.com,Male,545-412-2363,Penghu
456,Gianina,Owens,gowenscn@independent.co.uk,Female,438-515-3534,Capela
457,Carilyn,Torrese,ctorreseco@google.nl,Female,562-419-9717,Varberg
458,Edeline,Chelley,echelleycp@economist.com,Female,960-772-9116,Tan-Tan
459,Jacquette,Asbury,jasburycq@berkeley.edu,Female,619-334-4764,Zhongshan
460,Padriac,Records,precordscr@nsw.gov.au,Male,993-774-0800,Uppsala
461,Glen,Scandrett,gscandrettcs@va.gov,Female,503-569-0199,Ishqoshim
462,Abeu,Fawcus,afawcusct@paypal.com,Male,398-676-1025,Barbudo
463,Emmett,Hanney,ehanneycu@nymag.com,Male,127-161-1085,Tanahwangko
464,Stearn,Aldcorne,saldcornecv@plala.or.jp,Male,315-857-2438,Gondifelos
465,Guinevere,Chalk,gchalkcw@nifty.com,Female,609-834-0332,Dārān
466,Celisse,Davydoch,cdavydochcx@mtv.com,Female,945-906-9740,Mawza‘
467,Paige,Petrolli,ppetrollicy@linkedin.com,Female,953-193-9317,Gabao
468,Maurizio,Elden,meldencz@tamu.edu,Male,973-484-3366,Babakanbungur
469,Annissa,Heck,aheckd0@ow.ly,Female,810-520-4436,Kelapa
470,Dorie,Roscoe,droscoed1@oracle.com,Male,276-360-8103,Otradnoye
471,Sutton,Peyro,speyrod2@phpbb.com,Male,314-425-0639,Pitrufquén
472,Willie,Calow,wcalowd3@hp.com,Male,913-419-2968,Porangaba
473,Goober,Kovelmann,gkovelmannd4@usnews.com,Male,893-736-8018,Moca
474,Danita,Laherty,dlahertyd5@cnn.com,Female,997-289-5849,Bous
475,Lauralee,Lawtey,llawteyd6@vistaprint.com,Female,559-340-4474,Tapes
476,Sara-ann,Hammerstone,shammerstoned7@jimdo.com,Female,563-575-0264,Qabaqçöl
477,Jameson,Mairs,jmairsd8@barnesandnoble.com,Male,304-387-1575,Shymkent
478,Job,Giannasi,jgiannasid9@slashdot.org,Male,339-171-5885,Episkopí
479,Candice,Kingett,ckingettda@cpanel.net,Female,988-707-4961,Zamboanguita
480,Anabelle,Cooley,acooleydb@admin.ch,Female,305-182-3217,Novo Selo
481,Iago,Kenworthey,ikenwortheydc@comcast.net,Male,870-802-2660,Žemaičių Naumiestis
482,Padraic,Hayhurst,phayhurstdd@cornell.edu,Male,550-983-8881,Sŏnbong
483,Drake,Rickell,drickellde@elpais.com,Male,283-488-5991,Allanridge
484,Sarajane,Hellwig,shellwigdf@gmpg.org,Female,186-134-8029,Dobdoban
485,Ephrayim,Summerside,esummersidedg@twitpic.com,Male,457-663-6911,General Conesa
486,Frasier,Quarrington,fquarringtondh@dagondesign.com,Male,626-948-0290,Xujiadian
487,Denis,Chiese,dchiesedi@nps.gov,Male,438-533-3328,Lebel-sur-Quévillon
488,Flin,Sothcott,fsothcottdj@pagesperso-orange.fr,Male,239-314-2328,Michałów
489,Darryl,Pruckner,dprucknerdk@blinklist.com,Male,327-145-2667,Matadi
490,Sylvia,Josipovitz,sjosipovitzdl@cyberchimps.com,Female,532-801-7466,Matadi
491,Justis,Campelli,jcampellidm@si.edu,Male,709-521-7012,Novyye Kuz’minki
492,Cornell,Bowring,cbowringdn@illinois.edu,Male,820-512-2947,Antonio Toledo Corro
493,Delmar,Phillp,dphillpdo@booking.com,Male,558-884-6644,Tokoname
494,Donielle,Rosita,drositadp@themeforest.net,Female,232-202-8733,La Victoria
495,Cicely,Eddies,ceddiesdq@g.co,Female,737-315-3635,Orodara
496,Walker,Shooter,wshooterdr@hibu.com,Male,357-523-9666,Aginskoye
497,Tommy,Eaklee,teakleeds@constantcontact.com,Male,954-277-7340,Hörby
498,Bobbi,Simanenko,bsimanenkodt@rakuten.co.jp,Female,653-696-0562,Road Town
499,Gavrielle,Jiggins,gjigginsdu@springer.com,Female,175-522-6202,Pokrovskoye-Streshnëvo
500,Miquela,Brear,mbreardv@dagondesign.com,Female,877-133-0253,La Paz
501,Stanleigh,Knappe,sknappedw@bravesites.com,Male,804-763-3830,Makabe
502,Pincus,Wayon,pwayondx@liveinternet.ru,Male,673-810-2148,Huxi
503,Wells,Farlow,wfarlowdy@cornell.edu,Male,216-546-2212,Paringin
504,Rikki,Escritt,rescrittdz@bbc.co.uk,Male,314-547-6226,Tushi
505,Davidson,D'Abbot-Doyle,ddabbotdoylee0@guardian.co.uk,Male,788-272-6080,Baumata
506,Isidore,Dunphy,idunphye1@ifeng.com,Male,191-507-3586,Al ‘Aqabah
507,Susannah,Charles,scharlese2@bbc.co.uk,Female,529-118-0882,Khanabad
508,Eddie,Sandell,esandelle3@google.it,Female,342-347-8778,Cullhuas
509,Velma,Ruck,vrucke4@exblog.jp,Female,202-891-6493,Alexandria
510,Thedric,Clampin,tclampine5@wisc.edu,Male,705-105-1011,Ōkuchi
511,Tommie,Seint,tseinte6@soundcloud.com,Female,435-240-4359,Badrah
512,Dasha,Veneur,dveneure7@latimes.com,Female,824-526-2751,Dapdap
513,Steven,Flintoff,sflintoffe8@ocn.ne.jp,Male,477-406-5310,Rēzekne
514,Giacopo,Miskelly,gmiskellye9@sphinn.com,Male,837-239-2470,Uchaly
515,Isador,Aubrun,iaubrunea@behance.net,Male,704-675-6410,Jinsha
516,Algernon,Beneix,abeneixeb@youku.com,Male,842-965-5525,Ketampak
517,Travis,Attenbrough,tattenbroughec@wunderground.com,Male,642-891-2317,Binubusan
518,Aharon,Kynman,akynmaned@alibaba.com,Male,732-515-0173,Belo Horizonte
519,Ulberto,Sweeny,usweenyee@gov.uk,Male,442-947-1646,Buchach
520,Urson,Thorneywork,uthorneyworkef@joomla.org,Male,122-720-1472,Zabrušany
521,Dex,Lansberry,dlansberryeg@hostgator.com,Male,818-428-1493,Sang-e Chārak
522,Ben,Coils,bcoilseh@nih.gov,Male,553-767-3043,Jepara
523,Tobe,Polino,tpolinoei@imgur.com,Female,109-645-7883,Hongor
524,Elonore,Elener,eelenerej@yahoo.co.jp,Female,728-822-0072,Shemonaīkha
525,Arabel,Reedie,areedieek@sourceforge.net,Female,701-350-8075,Bailuquan
526,Traci,Veevers,tveeversel@cmu.edu,Female,983-171-2326,Aş Şalw
527,Kaela,Tarburn,ktarburnem@biglobe.ne.jp,Female,540-304-3335,Malabago
528,Tyson,Edgerley,tedgerleyen@acquirethisname.com,Male,548-680-8601,‘Awaj
529,Halsy,Ledes,hledeseo@google.ru,Male,356-963-3260,Richmond
530,Brian,Hazeman,bhazemanep@cdbaby.com,Male,460-636-3310,Khurriānwāla
531,Nicolette,Argrave,nargraveeq@hhs.gov,Female,193-607-6519,Na Chaluai
532,Alberto,Raimbauld,araimbaulder@storify.com,Male,991-975-2880,Shabo
533,Inigo,Corrado,icorradoes@miibeian.gov.cn,Male,201-570-1767,Boyany
534,Jasper,Durham,jdurhamet@princeton.edu,Male,591-537-2768,Ulset
535,Larissa,Botterill,lbotterilleu@gov.uk,Female,955-807-0091,Kebonan
536,Dyane,Paulmann,dpaulmannev@hc360.com,Female,255-795-9317,Sơn Hà
537,Kittie,Farrears,kfarrearsew@vkontakte.ru,Female,845-336-0756,Rizó
538,Maddalena,Everson,meversonex@mashable.com,Female,438-135-3119,Uva
539,Isahella,Sommerfeld,isommerfeldey@seattletimes.com,Female,690-138-4027,Nukuoro
540,Gaspard,Fradson,gfradsonez@simplemachines.org,Male,860-468-7913,Buyant
541,Josselyn,Andrasch,jandraschf0@nifty.com,Female,996-459-5650,San Nicolas
542,Saba,McCarle,smccarlef1@nationalgeographic.com,Female,336-324-8820,Cajacay
543,Lyda,Ballefant,lballefantf2@google.co.uk,Female,201-794-0443,Šipovo
544,Ruby,Marrion,rmarrionf3@qq.com,Male,564-449-6396,Jetak
545,Maddie,Noirel,mnoirelf4@blogs.com,Male,840-280-1950,Mazongling
546,Maribel,Vida,mvidaf5@state.gov,Female,761-974-9800,Solnechnogorsk
547,Cirstoforo,Eayrs,ceayrsf6@samsung.com,Male,783-144-9376,Shushenskoye
548,Dollie,Remmers,dremmersf7@toplist.cz,Female,210-692-0943,Kawayan
549,Vivienne,Charleston,vcharlestonf8@marriott.com,Female,525-419-6816,Kiruna
550,Winnah,Scorey,wscoreyf9@amazon.de,Female,482-648-2172,Tongqiao
551,Allin,Balharry,abalharryfa@thetimes.co.uk,Male,472-798-5846,Dzvinogrud
552,Meris,Brierly,mbrierlyfb@nba.com,Female,683-429-0086,Khvalynsk
553,Clayson,McRobb,cmcrobbfc@gnu.org,Male,391-237-0992,Siluman
554,Jeanette,MacAlroy,jmacalroyfd@oakley.com,Female,720-150-5607,Lençóis Paulista
555,Allyson,Costock,acostockfe@msn.com,Female,767-971-0287,Reykjanesbær
556,Merilee,Croxford,mcroxfordff@businesswire.com,Female,935-661-9894,Kabakovo
557,Gavan,Gibbonson,ggibbonsonfg@infoseek.co.jp,Male,547-408-7053,Orléans
558,Luke,Trevan,ltrevanfh@unesco.org,Male,284-225-4865,Rizal
559,Mylo,Semaine,msemainefi@infoseek.co.jp,Male,544-790-8001,Pescara
560,Tulley,Locker,tlockerfj@cloudflare.com,Male,603-137-4551,Penamacor
561,Whitby,Giffen,wgiffenfk@ftc.gov,Male,903-190-8703,Chenxikou
562,Emylee,Golde,egoldefl@toplist.cz,Female,935-109-0292,Cendagah
563,Dicky,Moncrieffe,dmoncrieffefm@ucoz.com,Male,956-683-9415,Huangdu
564,Paul,Le Monnier,plemonnierfn@whitehouse.gov,Male,459-455-5042,Changleng
565,Terra,Wagg,twaggfo@slate.com,Female,504-317-8418,Gunungmenang
566,Dale,Harriot,dharriotfp@themeforest.net,Male,844-642-7811,Tiantang
567,Del,Scawen,dscawenfq@berkeley.edu,Male,342-352-4414,Borovichi
568,Arlen,Le Grand,alegrandfr@google.ca,Female,278-970-2020,Ndélé
569,Melissa,Gilcriest,mgilcriestfs@cornell.edu,Female,947-308-5315,Bedayutalang
570,Correy,Carnegy,ccarnegyft@reuters.com,Male,616-327-6219,Aradac
571,Norrie,Yeandel,nyeandelfu@tripod.com,Female,903-226-2497,Gowa
572,Kahlil,Raper,kraperfv@technorati.com,Male,180-833-1443,Vangaži
573,Correy,Memmory,cmemmoryfw@t.co,Male,813-275-8082,Tampa
574,Tomas,Crevy,tcrevyfx@ask.com,Male,515-203-6836,Alcabideche
575,Gerladina,Caddie,gcaddiefy@washington.edu,Female,854-928-5538,Sadao
576,Eustace,Lidgey,elidgeyfz@cyberchimps.com,Male,638-455-8736,East End
577,Pasquale,Dubbin,pdubbing0@patch.com,Male,166-880-0993,Oslo
578,Dallas,Deavin,ddeaving1@so-net.ne.jp,Female,246-110-8692,Pleven
579,Dianna,Creak,dcreakg2@irs.gov,Female,755-823-2887,Rixinhe
580,Delaney,Struttman,dstruttmang3@intel.com,Male,764-233-4782,Podbuzh
581,Darin,Hazle,dhazleg4@barnesandnoble.com,Male,935-200-3980,Divača
582,Teodoor,Seabrocke,tseabrockeg5@opera.com,Male,449-392-6664,Karlstad
583,Jed,Linnane,jlinnaneg6@e-recht24.de,Male,101-193-2383,Miskolc
584,Venita,Baptista,vbaptistag7@usa.gov,Female,985-165-5375,Sirnasari
585,Marge,Aishford,maishfordg8@craigslist.org,Female,677-963-1481,Saltsjö-Boo
586,Adan,Piscopo,apiscopog9@mail.ru,Female,823-757-1702,Porto Calvo
587,Heath,Beckett,hbeckettga@usatoday.com,Female,160-542-7076,Huangmei
588,Jacqui,Dunstone,jdunstonegb@washingtonpost.com,Female,136-261-6738,Sumberejo
589,Quint,Bidmead,qbidmeadgc@shutterfly.com,Male,889-426-1183,Fort-de-France
590,Lenka,Siberry,lsiberrygd@uiuc.edu,Female,375-180-8650,Galatás
591,Sandor,Bigham,sbighamge@ameblo.jp,Male,393-167-3717,Beizi
592,Wilmette,Graddon,wgraddongf@yellowbook.com,Female,276-166-9093,Gaoliang
593,Westleigh,Norsworthy,wnorsworthygg@fc2.com,Male,217-569-8190,Springfield
594,Homere,Elsegood,helsegoodgh@kickstarter.com,Male,534-713-5933,Librazhd
595,Hersh,Paike,hpaikegi@webeden.co.uk,Male,603-659-5946,Seto
596,Roldan,Lubeck,rlubeckgj@census.gov,Male,217-137-9471,Kota Kinabalu
597,Skye,Borrott,sborrottgk@ask.com,Male,336-423-2380,Sult
598,Mickie,Dalton,mdaltongl@shareasale.com,Male,267-678-7562,Xinglong
599,Reidar,Gowans,rgowansgm@google.es,Male,910-620-0380,Mitsuke
600,Colan,Ruoff,cruoffgn@sun.com,Male,178-141-6345,Doro Oo
601,Starr,Silson,ssilsongo@godaddy.com,Female,656-666-7312,Shahrak
602,Shane,Dungay,sdungaygp@cnn.com,Male,227-126-9413,Yur’yev-Pol’skiy
603,Tabina,Hatrick,thatrickgq@friendfeed.com,Female,934-545-6196,La Charité-sur-Loire
604,Curcio,Hyndson,chyndsongr@shinystat.com,Male,830-372-1237,Venlo
605,Daniella,Varga,dvargags@intel.com,Female,582-388-8430,Kangar
606,Lorain,Stallon,lstallongt@pen.io,Female,459-259-6385,Fendou
607,Olivette,Beran,oberangu@360.cn,Female,491-901-6961,Poitiers
608,Mathew,Fellona,mfellonagv@feedburner.com,Male,593-685-9858,Four Cross Roads
609,Hyacinthia,Dann,hdanngw@slate.com,Female,260-612-5053,Javānrūd
610,Daffi,Luckes,dluckesgx@delicious.com,Female,371-577-7263,Novo Cruzeiro
611,Debera,Garoghan,dgaroghangy@wikia.com,Female,733-682-4468,Darłowo
612,Vanna,Fenne,vfennegz@foxnews.com,Female,134-426-2090,Slavyansk-na-Kubani
613,Reggis,Edgar,redgarh0@artisteer.com,Male,388-158-2411,Bozoum
614,Kaitlynn,Bresman,kbresmanh1@walmart.com,Female,313-831-6470,Youwei
615,Dorena,Bonnet,dbonneth2@cornell.edu,Female,843-733-1122,Charleston
616,Rollins,Timmermann,rtimmermannh3@fc2.com,Male,179-146-8148,Kināna
617,Kassie,Streetley,kstreetleyh4@aboutads.info,Female,805-147-9312,Kranj
618,Finn,Stuck,fstuckh5@cbslocal.com,Male,583-745-3606,Oskarshamn
619,Trip,Remer,tremerh6@google.it,Male,504-946-5258,Lusk
620,Malynda,Romanetti,mromanettih7@ihg.com,Female,621-746-7214,Mungwi
621,Alic,Scrigmour,ascrigmourh8@mediafire.com,Male,751-987-9489,Paldit
622,Terrye,Villaron,tvillaronh9@instagram.com,Female,458-112-3335,Qili
623,Juliette,Bernhardt,jbernhardtha@amazon.co.jp,Female,207-901-0773,Kuroiso
624,Dionysus,Samwyse,dsamwysehb@constantcontact.com,Male,720-223-9841,Rancabelut
625,Tammy,Barnaclough,tbarnacloughhc@cdc.gov,Male,439-692-5864,Mundri
626,Barron,Canwell,bcanwellhd@w3.org,Male,509-996-7614,Seleuš
627,Clarence,Hallford,challfordhe@amazon.de,Male,244-649-4078,Newlands
628,Rita,Byrnes,rbyrneshf@blogger.com,Female,380-697-1024,Enschede
629,Damara,Asprey,daspreyhg@dyndns.org,Female,617-792-2095,Ko Samui
630,Carolee,Ingley,cingleyhh@usgs.gov,Female,865-996-4809,Esquina
631,Gerald,Nodin,gnodinhi@usgs.gov,Male,627-923-8132,Na Wa
632,Dorey,McKelloch,dmckellochhj@youtu.be,Female,311-587-4525,Alcantara
633,Romy,Glashby,rglashbyhk@apple.com,Female,412-230-7465,Hässleholm
634,Filberte,Sodo,fsodohl@ameblo.jp,Male,766-844-7882,Bečej
635,Chas,Ratray,cratrayhm@ustream.tv,Male,224-795-3069,Pobé
636,Dehlia,Ilyas,dilyashn@miibeian.gov.cn,Female,297-312-2829,Khayr Kōṯ
637,Gregorius,Frudd,gfruddho@mayoclinic.com,Male,945-814-9890,Seremban
638,Ailina,Drysdale,adrysdalehp@free.fr,Female,606-808-0370,Zoushi
639,Ethelyn,Goaley,egoaleyhq@wordpress.com,Female,303-874-6678,Cimitarra
640,Gibbie,Macura,gmacurahr@ft.com,Male,977-716-1929,Chotepe
641,Roi,Gough,rgoughhs@moonfruit.com,Male,596-884-8459,Dārān
642,Clark,Colby,ccolbyht@alibaba.com,Male,709-176-4499,Fontainhas
643,Maryjo,Naper,mnaperhu@cocolog-nifty.com,Female,500-321-0910,Ciwaru
644,Alix,Grinyer,agrinyerhv@webeden.co.uk,Male,552-921-1120,Randuagung
645,Esdras,McCloid,emccloidhw@devhub.com,Male,507-209-1616,Palangkaraya
646,Margaretha,Bartoletti,mbartolettihx@flickr.com,Female,872-256-1775,Omsk
647,Martin,McInnes,mmcinneshy@paypal.com,Male,473-318-4682,Ludishan
648,Donnajean,Sutlieff,dsutlieffhz@pagesperso-orange.fr,Female,517-485-7280,Tahe
649,Dorolisa,Dackombe,ddackombei0@cisco.com,Female,244-706-0869,Tortosendo
650,Meagan,Hornbuckle,mhornbucklei1@google.ca,Female,160-153-9711,Ivanec
651,Raye,Jeffryes,rjeffryesi2@jimdo.com,Female,338-808-0502,Pontivy
652,Filmore,Whewell,fwhewelli3@typepad.com,Male,368-820-6792,Aguadulce
653,Lois,Bretherick,lbrethericki4@slate.com,Female,665-544-6510,Ngorongoro
654,Reggy,Espinay,respinayi5@howstuffworks.com,Male,250-735-9034,Dipayal
655,Ninetta,Rault,nraulti6@lulu.com,Female,105-419-1074,Cidadap
656,Meara,Rosenbaum,mrosenbaumi7@xing.com,Female,973-959-8656,Stráž
657,Evvie,Matusiak,ematusiaki8@sakura.ne.jp,Female,913-395-7502,Oltinko’l
658,Analiese,Steels,asteelsi9@uiuc.edu,Female,687-353-8995,İsmayıllı
659,Westbrook,Bevir,wbeviria@people.com.cn,Male,640-650-4522,Pangapisan
660,Felic,Dell Casa,fdellcasaib@pbs.org,Male,743-579-5580,Miliangju
661,Goober,Klaes,gklaesic@google.pl,Male,853-290-1777,Āsmār
662,Kirk,Feldheim,kfeldheimid@statcounter.com,Male,135-378-0595,Casal Galego
663,Jorie,Brunsdon,jbrunsdonie@barnesandnoble.com,Female,527-456-9530,Rust’avi
664,Geralda,Hawken,ghawkenif@hexun.com,Female,192-769-0417,Aguilar
665,Raimund,Bollum,rbollumig@cbsnews.com,Male,185-542-2458,Cartagena
666,Pippy,Easeman,peasemanih@yahoo.co.jp,Female,420-556-4011,Kabala
667,Uri,Fritche,ufritcheii@spiegel.de,Male,189-805-2379,Ticrapo
668,Deidre,Blitzer,dblitzerij@answers.com,Female,995-786-6193,Saint-Eustache
669,Pierrette,Hearsey,phearseyik@unblog.fr,Female,472-394-1163,Jednorożec
670,Liliane,Hince,lhinceil@constantcontact.com,Female,360-818-6426,Vancouver
671,Kristal,Lenthall,klenthallim@w3.org,Female,522-487-6802,Pedro Leopoldo
672,Rhodie,Forsyth,rforsythin@google.ru,Female,433-347-0379,Brok
673,Jeannine,Quartermain,jquartermainio@bbc.co.uk,Female,565-912-6377,Três Corações
674,Gigi,Hovee,ghoveeip@army.mil,Female,344-587-9799,Solok Timur
675,Tamara,Tunmore,ttunmoreiq@1688.com,Female,171-995-4262,Lugang
676,Jeffrey,Kestle,jkestleir@exblog.jp,Male,134-457-1715,Azurva
677,Bobbie,Comi,bcomiis@house.gov,Female,805-819-6261,Montecristi
678,Loydie,Pittle,lpittleit@about.com,Male,624-518-3641,Chornukhy
679,Mirilla,Iorizzo,miorizzoiu@google.it,Female,366-212-7664,Yelizavetinskaya
680,Shea,Purry,spurryiv@webeden.co.uk,Male,564-360-1764,San Miguel
681,Felicia,Brownfield,fbrownfieldiw@deliciousdays.com,Female,904-741-1510,Katyuzhanka
682,Anabelle,Burder,aburderix@linkedin.com,Female,341-455-1659,Masis
683,Clementine,Clacey,cclaceyiy@issuu.com,Female,808-669-3553,Francisco I Madero
684,Skippy,Bolduc,sbolduciz@furl.net,Male,629-622-5574,Digah
685,Sly,Prisk,spriskj0@who.int,Male,984-736-8555,Manicahan
686,Arluene,Guesford,aguesfordj1@hibu.com,Female,109-860-0067,Detik Satu
687,Moselle,Carleman,mcarlemanj2@angelfire.com,Female,636-455-6506,Grenoble
688,Barry,Swigg,bswiggj3@is.gd,Female,844-725-6319,Bang Rak
689,Rolando,Bemment,rbemmentj4@cyberchimps.com,Male,905-239-1325,Buraen
690,Bettine,Noads,bnoadsj5@upenn.edu,Female,858-693-6339,Krajan Alasdowo
691,Hewet,Newe,hnewej6@bigcartel.com,Male,932-262-7613,Shaba
692,Jacynth,Rennox,jrennoxj7@whitehouse.gov,Female,756-787-5430,Tala
693,Hedwiga,Attride,hattridej8@barnesandnoble.com,Female,985-382-6807,Dembéni
694,Gretna,Heinle,gheinlej9@is.gd,Female,865-134-8194,Roche-à-Bateau
695,Barnett,Didball,bdidballja@businesswire.com,Male,285-415-0465,Tanudan
696,Austine,Mugg,amuggjb@barnesandnoble.com,Female,850-309-2276,Tallahassee
697,Gerry,Yaknov,gyaknovjc@1688.com,Male,976-887-0837,Chenqing
698,Virginia,Gooderham,vgooderhamjd@com.com,Female,750-469-3265,Villeta
699,Julio,O'Bradane,jobradaneje@exblog.jp,Male,356-717-0666,Novoshakhtinsk
700,Wyatan,Benezeit,wbenezeitjf@imgur.com,Male,751-119-6274,Berlin
701,Blanca,Rhoddie,brhoddiejg@ca.gov,Female,124-450-7538,Nglego
702,Nicky,McTerlagh,nmcterlaghjh@facebook.com,Male,898-486-4235,Phimai
703,Aggie,Avramovich,aavramovichji@theatlantic.com,Female,512-680-2104,Kalandagan
704,Cornell,Tyreman,ctyremanjj@yandex.ru,Male,353-614-0898,Lojejerkrajan
705,Guglielmo,Veld,gveldjk@slashdot.org,Male,216-293-3193,Ili
706,Natal,McNair,nmcnairjl@naver.com,Male,527-774-4400,Ūdalah
707,Lishe,Ather,latherjm@bloglines.com,Female,704-739-4857,Charlotte
708,Terrance,Seaborne,tseabornejn@google.es,Male,756-914-5141,Jiujiang
709,Osbourne,Walbrun,owalbrunjo@baidu.com,Male,305-963-8916,Ar Riqāmā
710,Mari,Boneham,mbonehamjp@plala.or.jp,Female,934-817-3741,Zhongxing
711,Maisie,Gourlay,mgourlayjq@tmall.com,Female,761-561-9533,Kosino
712,Tripp,Hainsworth,thainsworthjr@nsw.gov.au,Male,757-660-5988,Bykov
713,Timothee,Badini,tbadinijs@ycombinator.com,Male,574-240-3621,Xumu
714,Franchot,Edwins,fedwinsjt@cnn.com,Male,416-151-9797,Fartura
715,Rusty,Keach,rkeachju@godaddy.com,Male,881-243-9281,Kabir
716,Goraud,Leggate,gleggatejv@homestead.com,Male,752-969-8460,Hongmiao
717,Sharai,Aggott,saggottjw@house.gov,Female,302-543-8125,Malabag
718,Wolfgang,Vequaud,wvequaudjx@over-blog.com,Male,704-288-3363,Fomento
719,Walker,Archell,warchelljy@biglobe.ne.jp,Male,100-856-3729,La Cruz
720,Lil,Meaden,lmeadenjz@newyorker.com,Female,468-519-0774,Huanghua
721,Marietta,Coombe,mcoombek0@so-net.ne.jp,Male,952-545-0863,Tiglauigan
722,Orsa,Molnar,omolnark1@discovery.com,Female,213-920-8578,Maquiapo
723,Mikael,Falla,mfallak2@toplist.cz,Male,195-245-7076,Yablochnyy
724,Bianca,Oakeby,boakebyk3@gov.uk,Female,604-274-7619,Zaoshi
725,Agustin,Hove,ahovek4@ca.gov,Male,372-883-4890,Purísima
726,Sigrid,Edensor,sedensork5@hhs.gov,Female,263-818-2044,Songculan
727,Michele,Chattey,mchatteyk6@quantcast.com,Male,600-796-8196,Ölgiy
728,Jonah,Sirmond,jsirmondk7@sciencedaily.com,Male,113-898-8926,28 de Noviembre
729,Lambert,Bourrel,lbourrelk8@usnews.com,Male,548-788-8189,Kayu Agung
730,Zora,McAtamney,zmcatamneyk9@parallels.com,Female,221-786-6609,Vorzel’
731,Dennet,Costa,dcostaka@about.com,Male,464-676-9112,Koski Tl
732,Fan,Cucinotta,fcucinottakb@issuu.com,Female,936-855-0972,Dongjiao
733,Timmy,Batchelour,tbatchelourkc@wired.com,Female,146-548-7708,Jiblah
734,Chloris,Dederick,cdederickkd@reddit.com,Female,682-927-1216,Baharly
735,Krissie,Halse,khalseke@skype.com,Female,400-585-4403,Youshan
736,Adara,Sijmons,asijmonskf@typepad.com,Female,487-629-3939,Ciomas
737,Rebeca,Gable,rgablekg@narod.ru,Female,549-414-2078,Velagići
738,Vanya,Chesshyre,vchesshyrekh@thetimes.co.uk,Female,273-438-1285,Sindi
739,Kristyn,Hailes,khaileski@boston.com,Female,352-394-7868,Liuzuo
740,Algernon,Hurtado,ahurtadokj@telegraph.co.uk,Male,342-999-2153,Salima
741,Isabel,Furness,ifurnesskk@example.com,Female,383-775-9103,Bandung
742,Sim,Galton,sgaltonkl@moonfruit.com,Male,845-301-8569,Dabao’anzhen
743,Tanner,Everly,teverlykm@naver.com,Male,239-665-6371,Batan
744,Kati,Strattan,kstrattankn@gizmodo.com,Female,662-553-1078,Agogo
745,Elora,Elrick,eelrickko@chronoengine.com,Female,260-687-7273,Mancha Khiri
746,Waneta,Ziem,wziemkp@comcast.net,Female,532-930-3203,Nowosielce-Gniewosz
747,Lin,Scading,lscadingkq@icq.com,Male,403-834-0550,Jiefang
748,Klara,Osbaldstone,kosbaldstonekr@nps.gov,Female,570-439-2788,Xinzhuang
749,Stanleigh,Cowdry,scowdryks@bing.com,Male,424-319-4395,San Francisco
750,Casey,Burchett,cburchettkt@github.com,Male,855-954-8491,Al Qanāţir al Khayrīyah
751,Rocky,Mulvy,rmulvyku@apple.com,Male,516-820-9382,Taiping
752,Cointon,Shirer,cshirerkv@symantec.com,Male,212-948-2906,Hor
753,Kevina,Foy,kfoykw@uiuc.edu,Female,212-716-3078,Všenory
754,Jose,Allsobrook,jallsobrookkx@reddit.com,Male,238-400-9675,Pamedaran
755,Andrei,Beig,abeigky@aol.com,Female,521-172-9440,Itororó
756,Rubin,Dudden,rduddenkz@ask.com,Male,239-173-9056,Leiguan
757,Bondon,Kingsman,bkingsmanl0@wikia.com,Male,522-120-2151,Songgui
758,Jori,Dunnan,jdunnanl1@odnoklassniki.ru,Female,195-278-6428,Macinhata da Seixa
759,Turner,Ram,traml2@go.com,Male,893-937-3858,Puerto Eldorado
760,Parry,Cotton,pcottonl3@list-manage.com,Male,220-827-8995,Igbo-Ukwu
761,Janaye,Rockhall,jrockhalll4@topsy.com,Female,710-492-2833,Nizhniy Ufaley
762,Lorens,Wheelwright,lwheelwrightl5@walmart.com,Male,815-451-8371,Presidente Dutra
763,Verne,Udy,vudyl6@umich.edu,Male,633-266-2380,Ostashkov
764,Tod,Aked,takedl7@bandcamp.com,Male,544-753-9762,Kebunan
765,Anselma,Mogie,amogiel8@jimdo.com,Female,905-603-9948,Orsha
766,Burl,Menico,bmenicol9@netlog.com,Male,219-347-7633,Roma
767,Otto,MacCome,omaccomela@wix.com,Male,813-141-2522,Njivice
768,Fernando,Seville,fsevillelb@uol.com.br,Male,841-138-6507,Guadalupe
769,Pearla,Stitson,pstitsonlc@nih.gov,Female,102-922-1257,Mbaké
770,Zaria,Stillert,zstillertld@cpanel.net,Female,211-454-3704,Sonzacate
771,Carmelle,Treadwell,ctreadwellle@fastcompany.com,Female,209-138-8677,Rokitno
772,Oliviero,O Sullivan,oosullivanlf@gravatar.com,Male,264-323-4432,Takokak
773,Vonni,Budge,vbudgelg@shareasale.com,Female,123-605-1368,Ayacucho
774,Tracy,Desbrow,tdesbrowlh@cbsnews.com,Male,633-823-5275,Banyue
775,Ulberto,Handaside,uhandasideli@wordpress.com,Male,790-329-2078,Prakhon Chai
776,Kellby,Kiehne,kkiehnelj@rambler.ru,Male,176-251-7800,Suchań
777,Faunie,Maccaddie,fmaccaddielk@github.com,Female,315-111-7239,Vilque Chico
778,Rollie,Bricklebank,rbricklebankll@dyndns.org,Male,479-383-0663,Могила
779,Christye,Sprouls,csproulslm@intel.com,Female,388-485-9339,Utmānzai
780,Tremayne,Nears,tnearsln@youtube.com,Male,548-724-7097,Zhaocun
781,Ade,Joscelyne,ajoscelynelo@sbwire.com,Male,791-957-8538,Arnprior
782,Ellyn,Benardeau,ebenardeaulp@arizona.edu,Female,639-629-5591,San Francisco Zapotitlán
783,Susette,Pascoe,spascoelq@walmart.com,Female,249-101-7300,Cateel
784,Lexine,Braithwaite,lbraithwaitelr@paginegialle.it,Female,146-409-4954,Chaviña
785,Janean,Stoate,jstoatels@taobao.com,Female,931-316-7529,Moramanga
786,Morty,Garioch,mgariochlt@tripod.com,Male,360-345-1387,Lấp Vò
787,Courtney,Lenihan,clenihanlu@marketwatch.com,Male,248-483-4212,Shatian
788,Wildon,Lethley,wlethleylv@ifeng.com,Male,693-532-2789,Bozhou
789,Oliy,Eastcourt,oeastcourtlw@phoca.cz,Female,319-432-2980,Iowa City
790,Colet,Jovic,cjoviclx@economist.com,Male,998-705-6851,Vân Canh
791,Rosalinda,Dallman,rdallmanly@fc2.com,Female,278-587-5367,Daduo
792,Shadow,Carne,scarnelz@google.pl,Male,291-166-5268,Hexi
793,Wallache,O'Sculley,wosculleym0@webeden.co.uk,Male,711-279-9993,Ciodeng
794,Bethanne,Donaho,bdonahom1@gnu.org,Female,415-810-0642,Lom Sak
795,Danit,Nickerson,dnickersonm2@google.cn,Female,567-699-7699,Gedongmulyo
796,Gwenni,Kuhl,gkuhlm3@toplist.cz,Female,869-653-1719,Cantao-an
797,Yettie,Greste,ygrestem4@jimdo.com,Female,916-942-7775,Sacramento
798,Anett,Beddin,abeddinm5@multiply.com,Female,879-900-7695,La Molina
799,Hermann,Raiston,hraistonm6@blogs.com,Male,474-986-7682,Panay
800,Isac,Demeza,idemezam7@cargocollective.com,Male,797-420-5422,Pedreira
801,Clarey,Dannell,cdannellm8@soundcloud.com,Female,624-968-4374,Vallentuna
802,Berna,Throughton,bthroughtonm9@bloomberg.com,Female,650-315-1954,Escola
803,Arlan,Casse,acassema@epa.gov,Male,870-498-9242,Bhalwāl
804,Consolata,Sackett,csackettmb@dedecms.com,Female,617-938-2347,Shangxing
805,Roldan,McGaughie,rmcgaughiemc@1688.com,Male,186-873-8562,Mehtar Lām
806,Hinda,Beevis,hbeevismd@paypal.com,Female,327-626-6504,Peruc
807,Pattie,Pues,ppuesme@myspace.com,Male,245-668-7428,Acevedo
808,Aldus,Malshinger,amalshingermf@google.co.uk,Male,434-732-2983,Luzhou
809,Delphinia,Duck,dduckmg@techcrunch.com,Female,443-128-0831,Zátor
810,Sibley,Ferreira,sferreiramh@theglobeandmail.com,Female,964-281-7098,Heyin
811,Normand,Cheeke,ncheekemi@wordpress.org,Male,107-386-3500,Kabalo
812,Tani,Timbrell,ttimbrellmj@macromedia.com,Female,607-342-6283,Bārah
813,Shell,Nozzolinii,snozzoliniimk@yahoo.com,Male,399-785-6960,Kudus
814,Cristy,Coucha,ccouchaml@godaddy.com,Female,503-157-9357,Xiakouyi
815,Baudoin,Catonne,bcatonnemm@china.com.cn,Male,687-825-1389,Sukamulya
816,Kalle,Skellington,kskellingtonmn@cbc.ca,Male,972-524-4247,Bent Jbaïl
817,Walton,Sibly,wsiblymo@sourceforge.net,Male,367-467-8837,Huaibei
818,Matthias,Tregido,mtregidomp@miibeian.gov.cn,Male,932-798-4492,La Plata
819,Patric,Debold,pdeboldmq@sciencedaily.com,Male,119-938-7656,Criação Velha
820,Bronson,Ebbs,bebbsmr@hp.com,Male,858-948-0571,Mat-i
821,Corette,Rickford,crickfordms@google.co.jp,Female,841-879-5166,Babakankadu
822,Dulsea,Courson,dcoursonmt@yahoo.com,Female,677-963-3040,Agrela
823,Angil,Prettyjohn,aprettyjohnmu@eventbrite.com,Female,857-438-9762,New Mīrpur
824,Sancho,Terrans,sterransmv@nymag.com,Male,305-588-5479,Miami Beach
825,Guthrey,Ghidoli,gghidolimw@cafepress.com,Male,485-380-3955,Kanluran
826,Ivonne,Wearing,iwearingmx@eepurl.com,Female,151-645-8756,Sanjiangkou
827,Kimbell,Caverhill,kcaverhillmy@scientificamerican.com,Male,690-228-3444,Santa Apolonia
828,Carissa,Segge,cseggemz@springer.com,Female,665-527-3023,Malasiqui
829,Tess,Hatchette,thatchetten0@com.com,Female,348-330-8399,Maying
830,Sheilakathryn,Blanshard,sblanshardn1@nationalgeographic.com,Female,823-232-5838,Gimbi
831,Stevie,Snellman,ssnellmann2@indiatimes.com,Male,405-851-9643,Oklahoma City
832,Doti,Wiffler,dwifflern3@shinystat.com,Female,815-493-4650,Perez
833,Terry,Shorter,tshortern4@toplist.cz,Male,461-562-4094,Sumberingin Kulon
834,Walsh,Somerfield,wsomerfieldn5@wufoo.com,Male,571-156-2259,Sauga
835,Davida,Ringham,dringhamn6@163.com,Female,610-319-6691,Mitrovicë
836,Steffi,Heffer,sheffern7@list-manage.com,Female,499-987-5178,Pasian
837,Darbee,Tawton,dtawtonn8@jalbum.net,Male,314-686-4987,Kościelec
838,Rosella,Dufton,rduftonn9@devhub.com,Female,994-256-0115,Guanfang
839,Bancroft,Korn,bkornna@sohu.com,Male,948-185-6212,Okigwi
840,Monique,Sturton,msturtonnb@yahoo.co.jp,Female,109-956-3739,Puerto Bello
841,Grantham,Tuckett,gtuckettnc@opensource.org,Male,470-511-7119,Mandaue City
842,Garret,Harrie,gharriend@ebay.com,Male,187-738-2740,Monkayo
843,Leola,Anslow,lanslowne@guardian.co.uk,Female,609-344-8106,Huangsha
844,Ofelia,Ubanks,oubanksnf@oracle.com,Female,226-816-0622,Babiak
845,Sutherland,Aldwinckle,saldwinckleng@odnoklassniki.ru,Male,858-917-4660,Caitang
846,Wendi,Beaford,wbeafordnh@nymag.com,Female,135-499-5828,Lâm Thao
847,Allyson,Questier,aquestierni@scribd.com,Female,181-229-4692,Longsheng
848,Fredericka,Bunworth,fbunworthnj@sitemeter.com,Female,719-332-0785,Nová Role
849,Alexio,Goodier,agoodiernk@google.co.uk,Male,307-231-4126,Toyonaka
850,Jeremie,Gavini,jgavininl@qq.com,Male,228-724-8377,Ganghwa-gun
851,Vernen,Reavell,vreavellnm@goodreads.com,Male,989-527-4920,Henggang
852,Gabrila,McCoish,gmccoishnn@boston.com,Female,532-500-6982,Santiago
853,Tuesday,Petrolli,tpetrollino@marketwatch.com,Female,312-506-3878,Chicago
854,Franky,Raybould,fraybouldnp@ucla.edu,Female,301-472-8537,Si Wilai
855,Ely,Wickey,ewickeynq@shareasale.com,Male,365-579-4758,Guihulñgan
856,Dido,Mouatt,dmouattnr@canalblog.com,Female,147-299-8158,Phaya Thai
857,Oren,Reddyhoff,oreddyhoffns@livejournal.com,Male,987-906-9255,Voiron
858,Ebba,Vouls,evoulsnt@opera.com,Female,436-730-7171,Beddeng
859,Dougie,Pendle,dpendlenu@npr.org,Male,214-280-6087,Orléans
860,Nils,Bourchier,nbourchiernv@pagesperso-orange.fr,Male,389-613-3361,Lensk
861,Bernardina,Humphery,bhumpherynw@columbia.edu,Female,937-215-2416,Yangdu
862,Kile,Beldon,kbeldonnx@rakuten.co.jp,Male,812-154-0708,Dasol
863,Herschel,Franckton,hfrancktonny@unicef.org,Male,996-855-6088,Daoqiao
864,Maddy,Kinson,mkinsonnz@lycos.com,Male,831-657-9875,Puyung
865,Hieronymus,Cracie,hcracieo0@house.gov,Male,407-250-4323,Amnat Charoen
866,Rawley,Grancher,rgranchero1@google.co.uk,Male,246-773-3788,Peteranec
867,Jeddy,de Werk,jdewerko2@baidu.com,Male,551-780-3731,Rio Covo
868,Maris,MacAvaddy,mmacavaddyo3@epa.gov,Female,630-926-0603,Marang
869,Den,Bonallick,dbonallicko4@nsw.gov.au,Male,401-107-8811,Cibeureum Satu
870,Yvor,Kilius,ykiliuso5@eepurl.com,Male,764-263-3640,Sukamahi Satu
871,Harlin,Espinha,hespinhao6@vimeo.com,Male,692-546-1826,Trondheim
872,Marcus,Hinge,mhingeo7@yahoo.co.jp,Male,847-832-7115,Zadní Mostek
873,Stearn,Buffy,sbuffyo8@cocolog-nifty.com,Male,241-707-7122,Najrān
874,Dorree,Astlatt,dastlatto9@cyberchimps.com,Female,986-656-7377,La Rochelle
875,Celesta,Caso,ccasooa@paypal.com,Female,909-818-9603,Martingança
876,Yard,Hesey,yheseyob@statcounter.com,Male,238-467-7903,Verkhniy Mamon
877,Lynea,Janak,ljanakoc@usgs.gov,Female,671-239-3313,Alcorriol
878,Kandy,Winslow,kwinslowod@homestead.com,Female,158-368-0931,Colonia Wanda
879,Loren,Kleehuhler,lkleehuhleroe@symantec.com,Male,948-394-5707,Zhangfang
880,Brittany,Iskov,biskovof@topsy.com,Female,396-101-8955,Hayil
881,Kurtis,Oels,koelsog@yelp.com,Male,285-718-7434,Salisbury
882,Casey,Blinman,cblinmanoh@cyberchimps.com,Female,764-969-6879,Aqqan
883,Robinetta,Janjic,rjanjicoi@merriam-webster.com,Female,507-290-5378,San Isidro
884,Kellyann,Spalton,kspaltonoj@theguardian.com,Female,230-216-0414,Rancabuaya
885,Thatch,Lever,tleverok@twitter.com,Male,314-947-9287,Kalýves Polygýrou
886,Germaine,Chattington,gchattingtonol@yolasite.com,Male,275-506-1773,Nancheng
887,Gabbie,Maddicks,gmaddicksom@blogtalkradio.com,Male,232-930-9073,Katipunan
888,Raine,Jertz,rjertzon@bloglovin.com,Female,793-801-3704,Laranjeiras
889,Kelley,Bischop,kbischopoo@deliciousdays.com,Female,812-598-5300,Praia da Vitória
890,Kelvin,Raine,kraineop@sphinn.com,Male,600-804-0368,Ravne na Koroškem
891,Meagan,O'Hdirscoll,mohdirscolloq@wufoo.com,Female,703-257-7006,Xiaojia
892,Gabrila,Messent,gmessentor@nhs.uk,Female,671-121-4781,Parkent
893,Seline,McCray,smccrayos@com.com,Female,803-816-7405,Mir
894,Lynnett,Deville,ldevilleot@webnode.com,Female,778-906-7473,Péfki
895,Darline,Laroze,dlarozeou@yolasite.com,Female,574-718-7637,Sarandi
896,Hanny,Fischer,hfischerov@virginia.edu,Female,482-416-5287,Motala
897,Jeanette,Scones,jsconesow@livejournal.com,Female,175-360-8244,Sudimoro
898,Charlena,Mogridge,cmogridgeox@unblog.fr,Female,293-835-3211,Yelets
899,Harry,Rozalski,hrozalskioy@feedburner.com,Male,901-688-3530,Rešetari
900,Rudiger,Alfonzo,ralfonzooz@unblog.fr,Male,561-250-9133,Arıqıran
901,Corene,Seywood,cseywoodp0@wiley.com,Female,793-699-0370,Kallithéa
902,Louis,Addison,laddisonp1@archive.org,Male,128-295-4484,Pu’er
903,Shanda,Fisbey,sfisbeyp2@alibaba.com,Female,355-920-2545,Dengmu
904,Artur,Ciccerale,acicceralep3@oakley.com,Male,318-655-2472,Lons-le-Saunier
905,Emmalynn,Groveham,egrovehamp4@yellowbook.com,Female,907-727-6746,Ainaro
906,Piper,Messingham,pmessinghamp5@360.cn,Female,604-308-0168,Lazeshchyna
907,Lila,Lightwing,llightwingp6@ow.ly,Female,945-684-0978,Ţalkhā
908,Wynne,Dommersen,wdommersenp7@engadget.com,Female,558-663-3305,Panunggangan
909,Franny,Drogan,fdroganp8@ted.com,Male,173-954-6179,Nyangao
910,Ryley,Gibbins,rgibbinsp9@weebly.com,Male,696-779-8388,Suqiaoxiang
911,Ranique,Coan,rcoanpa@mapy.cz,Female,904-552-9627,Şirrīn ash Shamālīyah
912,Morganica,Raycroft,mraycroftpb@quantcast.com,Female,737-291-9043,Bagroy
913,Mareah,Chadwell,mchadwellpc@aboutads.info,Female,426-560-3683,Azua
914,Sallyann,Schuh,sschuhpd@myspace.com,Female,639-358-4197,Tengah
915,Massimo,Leadley,mleadleype@mayoclinic.com,Male,483-344-7214,Langkou
916,Shandra,Ackery,sackerypf@opera.com,Female,633-824-8006,Sedlice
917,Binnie,Moreland,bmorelandpg@utexas.edu,Female,700-529-3549,Huichang
918,Lanae,Darridon,ldarridonph@army.mil,Female,784-592-1296,Sergelen
919,Ches,Calabry,ccalabrypi@amazon.co.jp,Male,862-508-8607,Bandera
920,Herminia,O'Flynn,hoflynnpj@ocn.ne.jp,Female,562-398-7907,San Francisco
921,Neils,Eates,neatespk@flavors.me,Male,549-402-0936,Santa Teresita
922,Carlita,Eivers,ceiverspl@eventbrite.com,Female,980-706-0087,Arrah
923,Sharyl,Loud,sloudpm@google.it,Female,724-284-0779,Tyarlevo
924,Laurence,Sharp,lsharppn@i2i.jp,Male,202-517-0425,Washington
925,Yves,Venour,yvenourpo@wordpress.com,Male,875-134-4631,Huaihua
926,Terrye,Tarver,ttarverpp@telegraph.co.uk,Female,217-779-1130,Andahuaylas
927,Gordon,Lockton,glocktonpq@cargocollective.com,Male,522-819-6322,Khandagayty
928,Duane,Wetherick,dwetherickpr@archive.org,Male,422-812-9309,Pyu
929,Kirk,Dresser,kdresserps@shutterfly.com,Male,950-519-1763,Madīnat ‘Īsá
930,Johan,Bondley,jbondleypt@bbc.co.uk,Male,512-337-4767,Kedung
931,Kele,Ecclestone,kecclestonepu@bloomberg.com,Male,704-789-5973,Jega
932,Leanna,Basten,lbastenpv@discovery.com,Female,421-827-1216,Chartres
933,Julius,Tippell,jtippellpw@archive.org,Male,652-201-2840,Chernomorskiy
934,Vale,Martinet,vmartinetpx@oakley.com,Male,754-947-9845,Banaran
935,Valdemar,Willmett,vwillmettpy@intel.com,Male,106-826-2495,Strel'na
936,Dru,Arsnell,darsnellpz@va.gov,Female,138-345-9451,Heilangkou
937,Riki,Corsham,rcorshamq0@squarespace.com,Female,870-258-3899,Senador Canedo
938,Trudi,Priden,tpridenq1@e-recht24.de,Female,274-816-4034,Bulangan
939,Giraud,Tretwell,gtretwellq2@acquirethisname.com,Male,215-525-1059,Souto
940,Flemming,Enocksson,fenockssonq3@vinaora.com,Male,158-656-7472,Llalli
941,Marleen,Rickards,mrickardsq4@aboutads.info,Female,792-800-2630,Catumbela
942,Lincoln,Le Port,lleportq5@google.it,Male,882-663-2647,Täby
943,Jefferey,Dunning,jdunningq6@mtv.com,Male,909-796-7520,Meijiahe
944,Cele,Peachment,cpeachmentq7@ezinearticles.com,Female,205-167-6601,Viña del Mar
945,Sim,Duckerin,sduckerinq8@upenn.edu,Male,768-842-6535,Bitaogan
946,Harriett,Handasyde,hhandasydeq9@arstechnica.com,Female,698-735-4730,Eha Amufu
947,Goldi,Goncalo,ggoncaloqa@earthlink.net,Female,585-534-2309,Dolisie
948,Zoe,Guerry,zguerryqb@icq.com,Female,763-861-2814,Zhongzuiling
949,Chance,Stirling,cstirlingqc@hostgator.com,Male,523-443-5993,Tangchi
950,Vanya,Norridge,vnorridgeqd@blinklist.com,Female,605-517-6723,Sioux Falls
951,Kimberly,Gimson,kgimsonqe@zimbio.com,Female,953-820-0171,Lisewo
952,Celie,Rhymes,crhymesqf@google.com.au,Female,862-515-6128,Szczecinek
953,Mavra,Bradley,mbradleyqg@so-net.ne.jp,Female,418-795-0421,Stockholm
954,Kira,Carncross,kcarncrossqh@salon.com,Female,847-565-0802,Tugu
955,Maxy,Nuth,mnuthqi@techcrunch.com,Female,242-863-2685,Baturaden
956,Claudina,Decent,cdecentqj@t.co,Female,975-133-0744,Daping
957,Rebe,Portlock,rportlockqk@seesaa.net,Female,220-616-2622,Russeifa
958,Melany,Hodjetts,mhodjettsql@oaic.gov.au,Female,956-816-3437,Santo Domingo
959,Stanfield,Baruch,sbaruchqm@chron.com,Male,236-651-5394,Ampasimanolotra
960,Alyce,MacPeice,amacpeiceqn@sina.com.cn,Female,630-849-4205,Heshui
961,Gabbie,Smowton,gsmowtonqo@google.com.br,Male,972-507-9357,Yangmaogong
962,Dur,Whiteson,dwhitesonqp@delicious.com,Male,726-726-8743,Lille
963,Hussein,Buxy,hbuxyqq@t-online.de,Male,755-665-5913,Xinfu
964,Augustin,Samet,asametqr@w3.org,Male,937-460-7990,Saint-Avertin
965,Ruggiero,MacCambridge,rmaccambridgeqs@devhub.com,Male,808-993-1577,Fómeque
966,Lisabeth,Nern,lnernqt@wix.com,Female,197-749-9949,Mutsu
967,Tracie,Heber,theberqu@amazonaws.com,Female,159-841-1867,Montréal-Ouest
968,Aubine,Fayne,afayneqv@netlog.com,Female,355-694-0617,Basarabeasca
969,Nannie,Aizic,naizicqw@last.fm,Female,940-292-8187,Margamukti
970,Felicio,Blythin,fblythinqx@illinois.edu,Male,885-736-4609,Karak City
971,Liliane,Ghent,lghentqy@photobucket.com,Female,129-782-6644,Sceaux
972,Pam,Dobbie,pdobbieqz@google.es,Female,522-348-4123,Dafang
973,Loydie,Alsop,lalsopr0@51.la,Male,963-995-6040,Senggapi
974,Aymer,Rawne,arawner1@icq.com,Male,107-480-5863,Kasimov
975,Terrie,Bewshire,tbewshirer2@icio.us,Female,439-532-6098,Alegrete
976,Doti,Matthews,dmatthewsr3@blog.com,Female,162-722-4300,Osasco
977,Rheba,Tweedie,rtweedier4@unicef.org,Female,963-813-7084,Pedreira
978,Lolita,Chettle,lchettler5@tmall.com,Female,278-872-1685,Sigaboy
979,Chandra,Trunkfield,ctrunkfieldr6@gov.uk,Female,934-641-1874,Aqsū
980,Paddy,Duigenan,pduigenanr7@shutterfly.com,Male,356-568-2240,Realeza
981,Glennis,Arpur,garpurr8@google.de,Female,491-169-4470,Kiambu
982,Jaye,Jeffreys,jjeffreysr9@salon.com,Male,127-392-1383,Acarigua
983,Gannon,Fosdike,gfosdikera@fc2.com,Male,107-688-8821,Carvalheira
984,Osgood,Kiefer,okieferrb@nydailynews.com,Male,624-866-7889,Villa Ángela
985,Jessa,Woodhead,jwoodheadrc@state.tx.us,Female,556-290-6642,Крушево
986,Essy,Laurenson,elaurensonrd@globo.com,Female,935-492-6067,Uherské Hradiště
987,Creigh,Schneidar,cschneidarre@amazon.de,Male,551-469-7591,Tsagaannuur
988,Cherilyn,Shippey,cshippeyrf@baidu.com,Female,342-587-9279,Dolice
989,Kalina,Sawell,ksawellrg@timesonline.co.uk,Female,515-111-4018,Des Moines
990,Timothy,Marquet,tmarquetrh@usatoday.com,Male,627-268-1215,Florianópolis
991,Joyan,Maskew,jmaskewri@phpbb.com,Female,406-282-6727,Ágios Pétros
992,Lenci,Seedhouse,lseedhouserj@youtube.com,Male,272-161-4960,Povorino
993,Kris,Eadington,keadingtonrk@berkeley.edu,Female,696-852-8597,Somovo
994,Mark,Coyte,mcoyterl@businessinsider.com,Male,619-257-6507,San Diego
995,Nelie,Fountaine,nfountainerm@wikipedia.org,Female,982-485-3698,Rovira
996,Lisabeth,Guerrieri,lguerrierirn@delicious.com,Female,922-135-3958,Naranjal
997,Montague,Wise,mwisero@google.com.br,Male,380-252-2090,Mesker-Yurt
998,Oralia,Clooney,oclooneyrp@etsy.com,Female,347-760-4914,Zhuangta
999,Yoshiko,Fadden,yfaddenrq@house.gov,Female,600-316-6274,Cañas
1000,Lisa,Fauning,lfauningrr@furl.net,Female,929-107-5462,Colcabamba
